Annotation_ID,Response_ID,Chatgpt_Label,Claude_Label,Deepseek_Label,Llama_Label,Qwen_Label,Human_Label,Final_Label
0,0,Counter-Speech,,Counter-Speech,,,,
1,1,Counter-Speech,,Counter-Speech,,,,
2,2,Neutral,,Counter-Speech,,,,
3,3,Counter-Speech,,Counter-Speech,,,,
4,4,Counter-Speech,,Counter-Speech,,,,
5,5,Counter-Speech,,Counter-Speech,,,,
6,6,Counter-Speech,,Counter-Speech,,,,
7,7,Counter-Speech,,Counter-Speech,,,,
8,8,Counter-Speech,,Counter-Speech,,,,
9,9,Counter-Speech,,Counter-Speech,,,,
10,10,Counter-Speech,,Counter-Speech,,,,
11,11,Counter-Speech,,Counter-Speech,,,,
12,12,Counter-Speech,,Counter-Speech,,,,
13,13,Counter-Speech,,Counter-Speech,,,,
14,14,Counter-Speech,,Counter-Speech,,,,
15,15,Counter-Speech,,Counter-Speech,,,,
16,16,Counter-Speech,,Counter-Speech,,,,
17,17,Counter-Speech,,Counter-Speech,,,,
18,18,Counter-Speech,,Counter-Speech,,,,
19,19,Counter-Speech,,Counter-Speech,,,,
20,20,Counter-Speech,,Counter-Speech,,,,
21,21,Counter-Speech,,Counter-Speech,,,,
22,22,Counter-Speech,,Counter-Speech,,,,
23,23,Counter-Speech,,Counter-Speech,,,,
24,24,Counter-Speech,,Counter-Speech,,,,
25,25,Counter-Speech,,Counter-Speech,,,,
26,26,Counter-Speech,,Counter-Speech,,,,
27,27,Counter-Speech,,Counter-Speech,,,,
28,28,Counter-Speech,,Counter-Speech,,,,
29,29,Counter-Speech,,Counter-Speech,,,,
30,30,Counter-Speech,,Counter-Speech,,,,
31,31,Counter-Speech,,Counter-Speech,,,,
32,32,Neutral,,Counter-Speech,,,,
33,33,Counter-Speech,,Counter-Speech,,,,
34,34,Neutral,,Counter-Speech,,,,
35,35,Counter-Speech,,Counter-Speech,,,,
36,36,Counter-Speech,,Counter-Speech,,,,
37,37,Counter-Speech,,Counter-Speech,,,,
38,38,Counter-Speech,,Counter-Speech,,,,
39,39,Counter-Speech,,Counter-Speech,,,,
40,40,Counter-Speech,,Counter-Speech,,,,
41,41,Counter-Speech,,Counter-Speech,,,,
42,42,Counter-Speech,,Counter-Speech,,,,
43,43,Counter-Speech,,Counter-Speech,,,,
44,44,Counter-Speech,,Counter-Speech,,,,
45,45,Counter-Speech,,Counter-Speech,,,,
46,46,Counter-Speech,,Counter-Speech,,,,
47,47,Counter-Speech,,Counter-Speech,,,,
48,48,Counter-Speech,,Counter-Speech,,,,
49,49,Counter-Speech,,Counter-Speech,,,,
50,50,Counter-Speech,,Counter-Speech,,,,
51,51,Counter-Speech,,Counter-Speech,,,,
52,52,Counter-Speech,,Counter-Speech,,,,
53,53,Counter-Speech,,Counter-Speech,,,,
54,54,Counter-Speech,,Counter-Speech,,,,
55,55,Counter-Speech,,Counter-Speech,,,,
56,56,Counter-Speech,,Counter-Speech,,,,
57,57,Counter-Speech,,Counter-Speech,,,,
58,58,Counter-Speech,,Counter-Speech,,,,
59,59,Counter-Speech,,Counter-Speech,,,,
60,60,Counter-Speech,,Counter-Speech,,,,
61,61,Counter-Speech,,Counter-Speech,,,,
62,62,Counter-Speech,,Counter-Speech,,,,
63,63,Counter-Speech,,Counter-Speech,,,,
64,64,Counter-Speech,,Counter-Speech,,,,
65,65,Counter-Speech,,Counter-Speech,,,,
66,66,Counter-Speech,,Counter-Speech,,,,
67,67,Counter-Speech,,Counter-Speech,,,,
68,68,Counter-Speech,,Counter-Speech,,,,
69,69,Counter-Speech,,Counter-Speech,,,,
70,70,Counter-Speech,,Counter-Speech,,,,
71,71,Counter-Speech,,Counter-Speech,,,,
72,72,Counter-Speech,,Counter-Speech,,,,
73,73,Counter-Speech,,Counter-Speech,,,,
74,74,Neutral,,Counter-Speech,,,,
75,75,Counter-Speech,,Counter-Speech,,,,
76,76,Counter-Speech,,Counter-Speech,,,,
77,77,Counter-Speech,,Counter-Speech,,,,
78,78,Counter-Speech,,Counter-Speech,,,,
79,79,Counter-Speech,,Counter-Speech,,,,
80,80,Counter-Speech,,Counter-Speech,,,,
81,81,Counter-Speech,,Counter-Speech,,,,
82,82,Counter-Speech,,Counter-Speech,,,,
83,83,Counter-Speech,,Counter-Speech,,,,
84,84,Neutral,,Counter-Speech,,,,
85,85,Counter-Speech,,Counter-Speech,,,,
86,86,Counter-Speech,,Counter-Speech,,,,
87,87,Counter-Speech,,Counter-Speech,,,,
88,88,Counter-Speech,,Counter-Speech,,,,
89,89,Counter-Speech,,Counter-Speech,,,,
90,90,Counter-Speech,,Counter-Speech,,,,
91,91,Counter-Speech,,Counter-Speech,,,,
92,92,Counter-Speech,,Counter-Speech,,,,
93,93,Counter-Speech,,Counter-Speech,,,,
94,94,Counter-Speech,,Counter-Speech,,,,
95,95,Counter-Speech,,Counter-Speech,,,,
96,96,Counter-Speech,,Counter-Speech,,,,
97,97,Counter-Speech,,Counter-Speech,,,,
98,98,Counter-Speech,,Counter-Speech,,,,
99,99,Counter-Speech,,Counter-Speech,,,,
100,100,Counter-Speech,,Counter-Speech,,,,
101,101,Counter-Speech,,Counter-Speech,,,,
102,102,Counter-Speech,,Counter-Speech,,,,
103,103,Neutral,,Counter-Speech,,,,
104,104,Counter-Speech,,Counter-Speech,,,,
105,105,Counter-Speech,,Counter-Speech,,,,
106,106,Counter-Speech,,Counter-Speech,,,,
107,107,Counter-Speech,,Counter-Speech,,,,
108,108,Counter-Speech,,Counter-Speech,,,,
109,109,Counter-Speech,,Counter-Speech,,,,
110,110,Counter-Speech,,Counter-Speech,,,,
111,111,Counter-Speech,,Counter-Speech,,,,
112,112,Counter-Speech,,Counter-Speech,,,,
113,113,Neutral,,Counter-Speech,,,,
114,114,Counter-Speech,,Counter-Speech,,,,
115,115,Counter-Speech,,Counter-Speech,,,,
116,116,Counter-Speech,,Counter-Speech,,,,
117,117,Counter-Speech,,Counter-Speech,,,,
118,118,Counter-Speech,,Counter-Speech,,,,
119,119,Counter-Speech,,Counter-Speech,,,,
120,120,Counter-Speech,,Counter-Speech,,,,
121,121,Counter-Speech,,Counter-Speech,,,,
122,122,Counter-Speech,,Counter-Speech,,,,
123,123,Counter-Speech,,Counter-Speech,,,,
124,124,Counter-Speech,,Counter-Speech,,,,
125,125,Counter-Speech,,Counter-Speech,,,,
126,126,Counter-Speech,,Counter-Speech,,,,
127,127,Counter-Speech,,Counter-Speech,,,,
128,128,Counter-Speech,,Counter-Speech,,,,
129,129,Counter-Speech,,Counter-Speech,,,,
130,130,Counter-Speech,,Counter-Speech,,,,
131,131,Counter-Speech,,Counter-Speech,,,,
132,132,Counter-Speech,,Counter-Speech,,,,
133,133,Counter-Speech,,Counter-Speech,,,,
134,134,Counter-Speech,,Counter-Speech,,,,
135,135,Counter-Speech,,Counter-Speech,,,,
136,136,Counter-Speech,,Counter-Speech,,,,
137,137,Counter-Speech,,Counter-Speech,,,,
138,138,Counter-Speech,,Counter-Speech,,,,
139,139,Counter-Speech,,Counter-Speech,,,,
140,140,Counter-Speech,,Counter-Speech,,,,
141,141,Counter-Speech,,Counter-Speech,,,,
142,142,Counter-Speech,,Counter-Speech,,,,
143,143,Counter-Speech,,Counter-Speech,,,,
144,144,Counter-Speech,,Counter-Speech,,,,
145,145,Counter-Speech,,Counter-Speech,,,,
146,146,Counter-Speech,,Counter-Speech,,,,
147,588,Counter-Speech,,Counter-Speech,,,,
148,589,Counter-Speech,,Counter-Speech,,,,
149,590,Counter-Speech,,Counter-Speech,,,,
150,591,Counter-Speech,,Counter-Speech,,,,
151,592,Counter-Speech,,Counter-Speech,,,,
152,593,Counter-Speech,,Counter-Speech,,,,
153,594,Counter-Speech,,Counter-Speech,,,,
154,595,Counter-Speech,,Counter-Speech,,,,
155,596,Counter-Speech,,Counter-Speech,,,,
156,597,Counter-Speech,,Counter-Speech,,,,
157,598,Counter-Speech,,Counter-Speech,,,,
158,599,Counter-Speech,,Counter-Speech,,,,
159,600,Counter-Speech,,Counter-Speech,,,,
160,601,Counter-Speech,,Counter-Speech,,,,
161,602,Counter-Speech,,Counter-Speech,,,,
162,603,Counter-Speech,,Counter-Speech,,,,
163,604,Counter-Speech,,Counter-Speech,,,,
164,605,Counter-Speech,,Counter-Speech,,,,
165,606,Counter-Speech,,Counter-Speech,,,,
166,607,Counter-Speech,,Counter-Speech,,,,
167,608,Counter-Speech,,Counter-Speech,,,,
168,609,Counter-Speech,,Counter-Speech,,,,
169,610,Counter-Speech,,Counter-Speech,,,,
170,611,Counter-Speech,,Counter-Speech,,,,
171,612,Counter-Speech,,Counter-Speech,,,,
172,613,Counter-Speech,,Counter-Speech,,,,
173,614,Counter-Speech,,Counter-Speech,,,,
174,615,Counter-Speech,,Counter-Speech,,,,
175,616,Counter-Speech,,Counter-Speech,,,,
176,617,Counter-Speech,,Counter-Speech,,,,
177,618,Counter-Speech,,Counter-Speech,,,,
178,619,Counter-Speech,,Counter-Speech,,,,
179,620,Counter-Speech,,Counter-Speech,,,,
180,621,Counter-Speech,,Counter-Speech,,,,
181,622,Counter-Speech,,Counter-Speech,,,,
182,623,Counter-Speech,,Counter-Speech,,,,
183,624,Counter-Speech,,Counter-Speech,,,,
184,625,Counter-Speech,,Counter-Speech,,,,
185,626,Counter-Speech,,Counter-Speech,,,,
186,627,Counter-Speech,,Counter-Speech,,,,
187,628,Counter-Speech,,Counter-Speech,,,,
188,629,Counter-Speech,,Counter-Speech,,,,
189,630,Counter-Speech,,Counter-Speech,,,,
190,631,Counter-Speech,,Counter-Speech,,,,
191,632,Counter-Speech,,Counter-Speech,,,,
192,633,Counter-Speech,,Counter-Speech,,,,
193,634,Counter-Speech,,Counter-Speech,,,,
194,635,Counter-Speech,,Counter-Speech,,,,
195,636,Counter-Speech,,Counter-Speech,,,,
196,637,Counter-Speech,,Counter-Speech,,,,
197,638,Counter-Speech,,Counter-Speech,,,,
198,639,Counter-Speech,,Counter-Speech,,,,
199,640,Counter-Speech,,Counter-Speech,,,,
200,641,Counter-Speech,,Counter-Speech,,,,
201,642,Counter-Speech,,Counter-Speech,,,,
202,643,Counter-Speech,,Counter-Speech,,,,
203,644,Counter-Speech,,Counter-Speech,,,,
204,645,Counter-Speech,,Counter-Speech,,,,
205,646,Counter-Speech,,Counter-Speech,,,,
206,647,Counter-Speech,,Counter-Speech,,,,
207,648,Counter-Speech,,Counter-Speech,,,,
208,649,Counter-Speech,,Counter-Speech,,,,
209,650,Counter-Speech,,Counter-Speech,,,,
210,651,Counter-Speech,,Counter-Speech,,,,
211,652,Counter-Speech,,Counter-Speech,,,,
212,653,Counter-Speech,,Counter-Speech,,,,
213,654,Counter-Speech,,Counter-Speech,,,,
214,655,Counter-Speech,,Counter-Speech,,,,
215,656,Counter-Speech,,Counter-Speech,,,,
216,657,Counter-Speech,,Counter-Speech,,,,
217,658,Counter-Speech,,Counter-Speech,,,,
218,659,Counter-Speech,,Counter-Speech,,,,
219,660,Counter-Speech,,Counter-Speech,,,,
220,661,Counter-Speech,,Counter-Speech,,,,
221,662,Counter-Speech,,Counter-Speech,,,,
222,663,Counter-Speech,,Counter-Speech,,,,
223,664,Counter-Speech,,Counter-Speech,,,,
224,665,Counter-Speech,,Counter-Speech,,,,
225,666,Counter-Speech,,Counter-Speech,,,,
226,667,Counter-Speech,,Counter-Speech,,,,
227,668,Counter-Speech,,Counter-Speech,,,,
228,669,Counter-Speech,,Counter-Speech,,,,
229,670,Counter-Speech,,Counter-Speech,,,,
230,671,Counter-Speech,,Counter-Speech,,,,
231,672,Counter-Speech,,Counter-Speech,,,,
232,673,Counter-Speech,,Counter-Speech,,,,
233,674,Counter-Speech,,Counter-Speech,,,,
234,675,Counter-Speech,,Counter-Speech,,,,
235,676,Counter-Speech,,Counter-Speech,,,,
236,677,Counter-Speech,,Counter-Speech,,,,
237,678,Counter-Speech,,Counter-Speech,,,,
238,679,Counter-Speech,,Counter-Speech,,,,
239,680,Counter-Speech,,Counter-Speech,,,,
240,681,Counter-Speech,,Counter-Speech,,,,
241,682,Neutral,,Hate speech,,,,
242,683,Counter-Speech,,Counter-Speech,,,,
243,684,Counter-Speech,,Counter-Speech,,,,
244,685,Counter-Speech,,Counter-Speech,,,,
245,686,Counter-Speech,,Counter-Speech,,,,
246,687,Counter-Speech,,Counter-Speech,,,,
247,688,Counter-Speech,,Counter-Speech,,,,
248,689,Counter-Speech,,Counter-Speech,,,,
249,690,Counter-Speech,,Counter-Speech,,,,
250,691,Counter-Speech,,Counter-Speech,,,,
251,692,Counter-Speech,,Counter-Speech,,,,
252,693,Counter-Speech,,Counter-Speech,,,,
253,694,Counter-Speech,,Counter-Speech,,,,
254,695,Counter-Speech,,Counter-Speech,,,,
255,696,Counter-Speech,,Counter-Speech,,,,
256,697,Counter-Speech,,Counter-Speech,,,,
257,698,Counter-Speech,,Counter-Speech,,,,
258,699,Counter-Speech,,Counter-Speech,,,,
259,700,Counter-Speech,,Counter-Speech,,,,
260,701,Counter-Speech,,Counter-Speech,,,,
261,702,Counter-Speech,,Counter-Speech,,,,
262,703,Counter-Speech,,Counter-Speech,,,,
263,704,Counter-Speech,,Counter-Speech,,,,
264,705,Counter-Speech,,Counter-Speech,,,,
265,706,Counter-Speech,,Counter-Speech,,,,
266,707,Counter-Speech,,Counter-Speech,,,,
267,708,Counter-Speech,,Counter-Speech,,,,
268,709,Counter-Speech,,Counter-Speech,,,,
269,710,Counter-Speech,,Counter-Speech,,,,
270,711,Counter-Speech,,Counter-Speech,,,,
271,712,Counter-Speech,,Counter-Speech,,,,
272,713,Counter-Speech,,Counter-Speech,,,,
273,714,Counter-Speech,,Counter-Speech,,,,
274,715,Counter-Speech,,Counter-Speech,,,,
275,716,Counter-Speech,,Counter-Speech,,,,
276,717,Counter-Speech,,Counter-Speech,,,,
277,718,Counter-Speech,,Counter-Speech,,,,
278,719,Counter-Speech,,Counter-Speech,,,,
279,720,Counter-Speech,,Counter-Speech,,,,
280,721,Counter-Speech,,Counter-Speech,,,,
281,722,Counter-Speech,,Counter-Speech,,,,
282,723,Counter-Speech,,Counter-Speech,,,,
283,724,Counter-Speech,,Counter-Speech,,,,
284,725,Counter-Speech,,Counter-Speech,,,,
285,726,Counter-Speech,,Counter-Speech,,,,
286,727,Counter-Speech,,Counter-Speech,,,,
287,728,Counter-Speech,,Counter-Speech,,,,
288,729,Counter-Speech,,Counter-Speech,,,,
289,730,Counter-Speech,,Counter-Speech,,,,
290,731,Counter-Speech,,Counter-Speech,,,,
291,732,Counter-Speech,,Counter-Speech,,,,
292,733,Counter-Speech,,Counter-Speech,,,,
293,734,Counter-Speech,,Counter-Speech,,,,
294,147,Counter-Speech,,Counter-Speech,,,,
295,148,Counter-Speech,,Counter-Speech,,,,
296,149,Counter-Speech,,Counter-Speech,,,,
297,150,Counter-Speech,,Counter-Speech,,,,
298,151,Counter-Speech,,Counter-Speech,,,,
299,152,Counter-Speech,,Counter-Speech,,,,
300,153,Counter-Speech,,Counter-Speech,,,,
301,154,Counter-Speech,,Counter-Speech,,,,
302,155,Counter-Speech,,Counter-Speech,,,,
303,156,Counter-Speech,,Counter-Speech,,,,
304,157,Counter-Speech,,Counter-Speech,,,,
305,158,Counter-Speech,,Counter-Speech,,,,
306,159,Counter-Speech,,Counter-Speech,,,,
307,160,Counter-Speech,,Counter-Speech,,,,
308,161,Counter-Speech,,Counter-Speech,,,,
309,162,Counter-Speech,,Counter-Speech,,,,
310,163,Counter-Speech,,Counter-Speech,,,,
311,164,Counter-Speech,,Counter-Speech,,,,
312,165,Counter-Speech,,Counter-Speech,,,,
313,166,Counter-Speech,,Counter-Speech,,,,
314,167,Counter-Speech,,Counter-Speech,,,,
315,168,Counter-Speech,,Counter-Speech,,,,
316,169,Counter-Speech,,Counter-Speech,,,,
317,170,Counter-Speech,,Counter-Speech,,,,
318,171,Counter-Speech,,Counter-Speech,,,,
319,172,Counter-Speech,,Counter-Speech,,,,
320,173,Counter-Speech,,Counter-Speech,,,,
321,174,Counter-Speech,,Counter-Speech,,,,
322,175,Counter-Speech,,Counter-Speech,,,,
323,176,Counter-Speech,,Counter-Speech,,,,
324,177,Counter-Speech,,Counter-Speech,,,,
325,178,Counter-Speech,,Counter-Speech,,,,
326,179,Counter-Speech,,Counter-Speech,,,,
327,180,Counter-Speech,,Counter-Speech,,,,
328,181,Counter-Speech,,Counter-Speech,,,,
329,182,Counter-Speech,,Counter-Speech,,,,
330,183,Counter-Speech,,Counter-Speech,,,,
331,184,Counter-Speech,,Counter-Speech,,,,
332,185,Counter-Speech,,Counter-Speech,,,,
333,186,Counter-Speech,,Counter-Speech,,,,
334,187,Counter-Speech,,Counter-Speech,,,,
335,188,Counter-Speech,,Counter-Speech,,,,
336,189,Neutral,,Neutral,,,,
337,190,Counter-Speech,,Counter-Speech,,,,
338,191,Counter-Speech,,Counter-Speech,,,,
339,192,Counter-Speech,,Counter-Speech,,,,
340,193,Counter-Speech,,Counter-Speech,,,,
341,194,Counter-Speech,,Counter-Speech,,,,
342,195,Counter-Speech,,Counter-Speech,,,,
343,196,Counter-Speech,,Counter-Speech,,,,
344,197,Counter-Speech,,Counter-Speech,,,,
345,198,Counter-Speech,,Counter-Speech,,,,
346,199,Counter-Speech,,Counter-Speech,,,,
347,200,Counter-Speech,,Counter-Speech,,,,
348,201,Counter-Speech,,Counter-Speech,,,,
349,202,Counter-Speech,,Counter-Speech,,,,
350,203,Counter-Speech,,Counter-Speech,,,,
351,204,Counter-Speech,,Counter-Speech,,,,
352,205,Counter-Speech,,Counter-Speech,,,,
353,206,Neutral,,Counter-Speech,,,,
354,207,Counter-Speech,,Counter-Speech,,,,
355,208,Neutral,,Counter-Speech,,,,
356,209,Counter-Speech,,Counter-Speech,,,,
357,210,Counter-Speech,,Counter-Speech,,,,
358,211,Counter-Speech,,Counter-Speech,,,,
359,212,Counter-Speech,,Counter-Speech,,,,
360,213,Counter-Speech,,Counter-Speech,,,,
361,214,Counter-Speech,,Counter-Speech,,,,
362,215,Counter-Speech,,Counter-Speech,,,,
363,216,Neutral,,Counter-Speech,,,,
364,217,Counter-Speech,,Counter-Speech,,,,
365,218,Counter-Speech,,Counter-Speech,,,,
366,219,Counter-Speech,,Counter-Speech,,,,
367,220,Counter-Speech,,Counter-Speech,,,,
368,221,Counter-Speech,,Counter-Speech,,,,
369,222,Counter-Speech,,Counter-Speech,,,,
370,223,Counter-Speech,,Counter-Speech,,,,
371,224,Counter-Speech,,Counter-Speech,,,,
372,225,Counter-Speech,,Counter-Speech,,,,
373,226,Counter-Speech,,Counter-Speech,,,,
374,227,Counter-Speech,,Counter-Speech,,,,
375,228,Counter-Speech,,Counter-Speech,,,,
376,229,Counter-Speech,,Counter-Speech,,,,
377,230,Counter-Speech,,Counter-Speech,,,,
378,231,Counter-Speech,,Counter-Speech,,,,
379,232,Counter-Speech,,Counter-Speech,,,,
380,233,Counter-Speech,,Counter-Speech,,,,
381,234,Counter-Speech,,Counter-Speech,,,,
382,235,Counter-Speech,,Counter-Speech,,,,
383,236,Counter-Speech,,Counter-Speech,,,,
384,237,Counter-Speech,,Counter-Speech,,,,
385,238,Counter-Speech,,Counter-Speech,,,,
386,239,Counter-Speech,,Counter-Speech,,,,
387,240,Counter-Speech,,Counter-Speech,,,,
388,241,Counter-Speech,,Counter-Speech,,,,
389,242,Counter-Speech,,Counter-Speech,,,,
390,243,Counter-Speech,,Counter-Speech,,,,
391,244,Counter-Speech,,Counter-Speech,,,,
392,245,Counter-Speech,,Counter-Speech,,,,
393,246,Counter-Speech,,Counter-Speech,,,,
394,247,Counter-Speech,,Counter-Speech,,,,
395,248,Counter-Speech,,Counter-Speech,,,,
396,249,Counter-Speech,,Counter-Speech,,,,
397,250,Counter-Speech,,Counter-Speech,,,,
398,251,Counter-Speech,,Counter-Speech,,,,
399,252,Counter-Speech,,Counter-Speech,,,,
400,253,Counter-Speech,,Counter-Speech,,,,
401,254,Counter-Speech,,Counter-Speech,,,,
402,255,Neutral,,Counter-Speech,,,,
403,256,Counter-Speech,,Counter-Speech,,,,
404,257,Counter-Speech,,Counter-Speech,,,,
405,258,Counter-Speech,,Counter-Speech,,,,
406,259,Counter-Speech,,Counter-Speech,,,,
407,260,Counter-Speech,,Counter-Speech,,,,
408,261,Counter-Speech,,Counter-Speech,,,,
409,262,Counter-Speech,,Counter-Speech,,,,
410,263,Counter-Speech,,Counter-Speech,,,,
411,264,Counter-Speech,,Counter-Speech,,,,
412,265,Counter-Speech,,Counter-Speech,,,,
413,266,Counter-Speech,,Counter-Speech,,,,
414,267,Counter-Speech,,Counter-Speech,,,,
415,268,Counter-Speech,,Counter-Speech,,,,
416,269,Counter-Speech,,Counter-Speech,,,,
417,270,Counter-Speech,,Counter-Speech,,,,
418,271,Counter-Speech,,Counter-Speech,,,,
419,272,Counter-Speech,,Counter-Speech,,,,
420,273,Counter-Speech,,Counter-Speech,,,,
421,274,Counter-Speech,,Counter-Speech,,,,
422,275,Counter-Speech,,Counter-Speech,,,,
423,276,Counter-Speech,,Counter-Speech,,,,
424,277,Counter-Speech,,Counter-Speech,,,,
425,278,Counter-Speech,,Counter-Speech,,,,
426,279,Counter-Speech,,Counter-Speech,,,,
427,280,Counter-Speech,,Counter-Speech,,,,
428,281,Counter-Speech,,Counter-Speech,,,,
429,282,Counter-Speech,,Counter-Speech,,,,
430,283,Counter-Speech,,Counter-Speech,,,,
431,284,Counter-Speech,,Counter-Speech,,,,
432,285,Counter-Speech,,Counter-Speech,,,,
433,286,Counter-Speech,,Counter-Speech,,,,
434,287,Counter-Speech,,Counter-Speech,,,,
435,288,Counter-Speech,,Counter-Speech,,,,
436,289,Counter-Speech,,Counter-Speech,,,,
437,290,Counter-Speech,,Counter-Speech,,,,
438,291,Counter-Speech,,Counter-Speech,,,,
439,292,Counter-Speech,,Counter-Speech,,,,
440,293,Counter-Speech,,Counter-Speech,,,,
441,735,Counter-Speech,,Counter-Speech,,,,
442,736,Counter-Speech,,Counter-Speech,,,,
443,737,Counter-Speech,,Counter-Speech,,,,
444,738,Counter-Speech,,Counter-Speech,,,,
445,739,Counter-Speech,,Counter-Speech,,,,
446,740,Counter-Speech,,Counter-Speech,,,,
447,741,Counter-Speech,,Counter-Speech,,,,
448,742,Counter-Speech,,Counter-Speech,,,,
449,743,Counter-Speech,,Counter-Speech,,,,
450,744,Counter-Speech,,Counter-Speech,,,,
451,745,Neutral,,Counter-Speech,,,,
452,746,Counter-Speech,,Counter-Speech,,,,
453,747,Counter-Speech,,Counter-Speech,,,,
454,748,Counter-Speech,,Counter-Speech,,,,
455,749,Counter-Speech,,Counter-Speech,,,,
456,750,Counter-Speech,,Counter-Speech,,,,
457,751,Counter-Speech,,Counter-Speech,,,,
458,752,Counter-Speech,,Counter-Speech,,,,
459,753,Counter-Speech,,Counter-Speech,,,,
460,754,Counter-Speech,,Counter-Speech,,,,
461,755,Counter-Speech,,Counter-Speech,,,,
462,756,Counter-Speech,,Counter-Speech,,,,
463,757,Counter-Speech,,Counter-Speech,,,,
464,758,Counter-Speech,,Counter-Speech,,,,
465,759,Counter-Speech,,Counter-Speech,,,,
466,760,Neutral,,Counter-Speech,,,,
467,761,Counter-Speech,,Counter-Speech,,,,
468,762,Counter-Speech,,Counter-Speech,,,,
469,763,Counter-Speech,,Counter-Speech,,,,
470,764,Counter-Speech,,Counter-Speech,,,,
471,765,Counter-Speech,,Counter-Speech,,,,
472,766,Counter-Speech,,Counter-Speech,,,,
473,767,Counter-Speech,,Counter-Speech,,,,
474,768,Counter-Speech,,Counter-Speech,,,,
475,769,Counter-Speech,,Counter-Speech,,,,
476,770,Counter-Speech,,Counter-Speech,,,,
477,771,Counter-Speech,,Counter-Speech,,,,
478,772,Counter-Speech,,Counter-Speech,,,,
479,773,Counter-Speech,,Counter-Speech,,,,
480,774,Counter-Speech,,Counter-Speech,,,,
481,775,Counter-Speech,,Counter-Speech,,,,
482,776,Counter-Speech,,Counter-Speech,,,,
483,777,Counter-Speech,,Counter-Speech,,,,
484,778,Counter-Speech,,Counter-Speech,,,,
485,779,Counter-Speech,,Counter-Speech,,,,
486,780,Counter-Speech,,Counter-Speech,,,,
487,781,Counter-Speech,,Counter-Speech,,,,
488,782,Counter-Speech,,Counter-Speech,,,,
489,783,Counter-Speech,,Counter-Speech,,,,
490,784,Neutral,,Counter-Speech,,,,
491,785,Counter-Speech,,Counter-Speech,,,,
492,786,Counter-Speech,,Counter-Speech,,,,
493,787,Counter-Speech,,Counter-Speech,,,,
494,788,Counter-Speech,,Counter-Speech,,,,
495,789,Counter-Speech,,Counter-Speech,,,,
496,790,Counter-Speech,,Counter-Speech,,,,
497,791,Counter-Speech,,Counter-Speech,,,,
498,792,Counter-Speech,,Counter-Speech,,,,
499,793,Counter-Speech,,Counter-Speech,,,,
500,794,Counter-Speech,,Counter-Speech,,,,
501,795,Counter-Speech,,Counter-Speech,,,,
502,796,Counter-Speech,,Counter-Speech,,,,
503,797,Counter-Speech,,Counter-Speech,,,,
504,798,Counter-Speech,,Counter-Speech,,,,
505,799,Counter-Speech,,Counter-Speech,,,,
506,800,Counter-Speech,,Counter-Speech,,,,
507,801,Counter-Speech,,Counter-Speech,,,,
508,802,Counter-Speech,,Counter-Speech,,,,
509,803,Counter-Speech,,Counter-Speech,,,,
510,804,Counter-Speech,,Counter-Speech,,,,
511,805,Counter-Speech,,Counter-Speech,,,,
512,806,Counter-Speech,,Counter-Speech,,,,
513,807,Counter-Speech,,Counter-Speech,,,,
514,808,Counter-Speech,,Counter-Speech,,,,
515,809,Counter-Speech,,Counter-Speech,,,,
516,810,Counter-Speech,,Counter-Speech,,,,
517,811,Counter-Speech,,Counter-Speech,,,,
518,812,Counter-Speech,,Counter-Speech,,,,
519,813,Counter-Speech,,Counter-Speech,,,,
520,814,Counter-Speech,,Counter-Speech,,,,
521,815,Counter-Speech,,Counter-Speech,,,,
522,816,Counter-Speech,,Counter-Speech,,,,
523,817,Counter-Speech,,Counter-Speech,,,,
524,818,Counter-Speech,,Counter-Speech,,,,
525,819,Counter-Speech,,Counter-Speech,,,,
526,820,Counter-Speech,,Counter-Speech,,,,
527,821,Counter-Speech,,Counter-Speech,,,,
528,822,Counter-Speech,,Counter-Speech,,,,
529,823,Counter-Speech,,Counter-Speech,,,,
530,824,Counter-Speech,,Counter-Speech,,,,
531,825,Counter-Speech,,Counter-Speech,,,,
532,826,Counter-Speech,,Counter-Speech,,,,
533,827,Counter-Speech,,Counter-Speech,,,,
534,828,Counter-Speech,,Counter-Speech,,,,
535,829,Counter-Speech,,Counter-Speech,,,,
536,830,Counter-Speech,,Counter-Speech,,,,
537,831,Counter-Speech,,Counter-Speech,,,,
538,832,Counter-Speech,,Counter-Speech,,,,
539,833,Counter-Speech,,Counter-Speech,,,,
540,834,Counter-Speech,,Counter-Speech,,,,
541,835,Counter-Speech,,Counter-Speech,,,,
542,836,Counter-Speech,,Counter-Speech,,,,
543,837,Counter-Speech,,Counter-Speech,,,,
544,838,Counter-Speech,,Counter-Speech,,,,
545,839,Counter-Speech,,Counter-Speech,,,,
546,840,Counter-Speech,,Counter-Speech,,,,
547,841,Counter-Speech,,Counter-Speech,,,,
548,842,Counter-Speech,,Counter-Speech,,,,
549,843,Neutral,,Counter-Speech,,,,
550,844,Counter-Speech,,Counter-Speech,,,,
551,845,Counter-Speech,,Counter-Speech,,,,
552,846,Counter-Speech,,Counter-Speech,,,,
553,847,Counter-Speech,,Counter-Speech,,,,
554,848,Counter-Speech,,Counter-Speech,,,,
555,849,Counter-Speech,,Counter-Speech,,,,
556,850,Counter-Speech,,Counter-Speech,,,,
557,851,Counter-Speech,,Counter-Speech,,,,
558,852,Counter-Speech,,Counter-Speech,,,,
559,853,Counter-Speech,,Counter-Speech,,,,
560,854,Counter-Speech,,Counter-Speech,,,,
561,855,Counter-Speech,,Counter-Speech,,,,
562,856,Counter-Speech,,Counter-Speech,,,,
563,857,Counter-Speech,,Counter-Speech,,,,
564,858,Counter-Speech,,Counter-Speech,,,,
565,859,Counter-Speech,,Counter-Speech,,,,
566,860,Counter-Speech,,Counter-Speech,,,,
567,861,Counter-Speech,,Counter-Speech,,,,
568,862,Counter-Speech,,Counter-Speech,,,,
569,863,Counter-Speech,,Counter-Speech,,,,
570,864,Counter-Speech,,Counter-Speech,,,,
571,865,Counter-Speech,,Counter-Speech,,,,
572,866,Counter-Speech,,Counter-Speech,,,,
573,867,Counter-Speech,,Counter-Speech,,,,
574,868,Counter-Speech,,Counter-Speech,,,,
575,869,Counter-Speech,,Counter-Speech,,,,
576,870,Counter-Speech,,Counter-Speech,,,,
577,871,Counter-Speech,,Counter-Speech,,,,
578,872,Counter-Speech,,Counter-Speech,,,,
579,873,Counter-Speech,,Counter-Speech,,,,
580,874,Counter-Speech,,Counter-Speech,,,,
581,875,Counter-Speech,,Counter-Speech,,,,
582,876,Counter-Speech,,Counter-Speech,,,,
583,877,Counter-Speech,,Counter-Speech,,,,
584,878,Counter-Speech,,Counter-Speech,,,,
585,879,Counter-Speech,,Counter-Speech,,,,
586,880,Counter-Speech,,Counter-Speech,,,,
587,881,Counter-Speech,,Counter-Speech,,,,
588,294,Counter-Speech,,Counter-Speech,,,,
589,295,Counter-Speech,,Counter-Speech,,,,
590,296,Neutral,,Neutral,,,,
591,297,Counter-Speech,,Counter-Speech,,,,
592,298,Counter-Speech,,Counter-Speech,,,,
593,299,Counter-Speech,,Counter-Speech,,,,
594,300,Neutral,,Neutral,,,,
595,301,Counter-Speech,,Counter-Speech,,,,
596,302,Counter-Speech,,Counter-Speech,,,,
597,303,Counter-Speech,,Counter-Speech,,,,
598,304,Counter-Speech,,Counter-Speech,,,,
599,305,Counter-Speech,,Counter-Speech,,,,
600,306,Neutral,,Counter-Speech,,,,
601,307,Counter-Speech,,Counter-Speech,,,,
602,308,Counter-Speech,,Counter-Speech,,,,
603,309,Refusal,,Refusal,,,,
604,310,Counter-Speech,,Counter-Speech,,,,
605,311,Refusal,,Refusal,,,,
606,312,Counter-Speech,,Counter-Speech,,,,
607,313,Counter-Speech,,Counter-Speech,,,,
608,314,Counter-Speech,,Counter-Speech,,,,
609,315,Counter-Speech,,Counter-Speech,,,,
610,316,Counter-Speech,,Counter-Speech,,,,
611,317,Counter-Speech,,Counter-Speech,,,,
612,318,Counter-Speech,,Counter-Speech,,,,
613,319,Counter-Speech,,Counter-Speech,,,,
614,320,Neutral,,Counter-Speech,,,,
615,321,Counter-Speech,,Counter-Speech,,,,
616,322,Counter-Speech,,Counter-Speech,,,,
617,323,Neutral,,Counter-Speech,,,,
618,324,Neutral,,Neutral,,,,
619,325,Neutral,,Counter-Speech,,,,
620,326,Counter-Speech,,Counter-Speech,,,,
621,327,Neutral,,Counter-Speech,,,,
622,328,Counter-Speech,,Counter-Speech,,,,
623,329,Counter-Speech,,Counter-Speech,,,,
624,330,Counter-Speech,,Counter-Speech,,,,
625,331,Counter-Speech,,Counter-Speech,,,,
626,332,Counter-Speech,,Counter-Speech,,,,
627,333,Counter-Speech,,Counter-Speech,,,,
628,334,Counter-Speech,,Counter-Speech,,,,
629,335,Counter-Speech,,Counter-Speech,,,,
630,336,Counter-Speech,,Counter-Speech,,,,
631,337,Counter-Speech,,Counter-Speech,,,,
632,338,Counter-Speech,,Counter-Speech,,,,
633,339,Counter-Speech,,Counter-Speech,,,,
634,340,Counter-Speech,,Counter-Speech,,,,
635,341,Counter-Speech,,Counter-Speech,,,,
636,342,Counter-Speech,,Counter-Speech,,,,
637,343,Counter-Speech,,Counter-Speech,,,,
638,344,Neutral,,Counter-Speech,,,,
639,345,Counter-Speech,,Counter-Speech,,,,
640,346,Counter-Speech,,Counter-Speech,,,,
641,347,Counter-Speech,,Counter-Speech,,,,
642,348,Counter-Speech,,Counter-Speech,,,,
643,349,Counter-Speech,,Counter-Speech,,,,
644,350,Counter-Speech,,Counter-Speech,,,,
645,351,Counter-Speech,,Counter-Speech,,,,
646,352,Counter-Speech,,Counter-Speech,,,,
647,353,Neutral,,Counter-Speech,,,,
648,354,Counter-Speech,,Counter-Speech,,,,
649,355,Counter-Speech,,Counter-Speech,,,,
650,356,Neutral,,Counter-Speech,,,,
651,357,Counter-Speech,,Counter-Speech,,,,
652,358,Counter-Speech,,Counter-Speech,,,,
653,359,Counter-Speech,,Counter-Speech,,,,
654,360,Counter-Speech,,Counter-Speech,,,,
655,361,Counter-Speech,,Counter-Speech,,,,
656,362,Neutral,,Counter-Speech,,,,
657,363,Neutral,,Neutral,,,,
658,364,Counter-Speech,,Counter-Speech,,,,
659,365,Neutral,,Counter-Speech,,,,
660,366,Counter-Speech,,Counter-Speech,,,,
661,367,Counter-Speech,,Counter-Speech,,,,
662,368,Neutral,,Neutral,,,,
663,369,Counter-Speech,,Counter-Speech,,,,
664,370,Counter-Speech,,Counter-Speech,,,,
665,371,Counter-Speech,,Counter-Speech,,,,
666,372,Counter-Speech,,Counter-Speech,,,,
667,373,Counter-Speech,,Counter-Speech,,,,
668,374,Counter-Speech,,Counter-Speech,,,,
669,375,Counter-Speech,,Counter-Speech,,,,
670,376,Counter-Speech,,Counter-Speech,,,,
671,377,Counter-Speech,,Counter-Speech,,,,
672,378,Neutral,,Neutral,,,,
673,379,Counter-Speech,,Counter-Speech,,,,
674,380,Counter-Speech,,Counter-Speech,,,,
675,381,Counter-Speech,,Neutral,,,,
676,382,Counter-Speech,,Counter-Speech,,,,
677,383,Counter-Speech,,Counter-Speech,,,,
678,384,Neutral,,Counter-Speech,,,,
679,385,Counter-Speech,,Counter-Speech,,,,
680,386,Counter-Speech,,Counter-Speech,,,,
681,387,Counter-Speech,,Counter-Speech,,,,
682,388,Counter-Speech,,Counter-Speech,,,,
683,389,Counter-Speech,,Counter-Speech,,,,
684,390,Counter-Speech,,Counter-Speech,,,,
685,391,Refusal,,Refusal,,,,
686,392,Counter-Speech,,Counter-Speech,,,,
687,393,Counter-Speech,,Counter-Speech,,,,
688,394,Counter-Speech,,Counter-Speech,,,,
689,395,Counter-Speech,,Counter-Speech,,,,
690,396,Counter-Speech,,Counter-Speech,,,,
691,397,Counter-Speech,,Counter-Speech,,,,
692,398,Neutral,,Counter-Speech,,,,
693,399,Counter-Speech,,Counter-Speech,,,,
694,400,Counter-Speech,,Counter-Speech,,,,
695,401,Counter-Speech,,Counter-Speech,,,,
696,402,Neutral,,Counter-Speech,,,,
697,403,Counter-Speech,,Counter-Speech,,,,
698,404,Counter-Speech,,Counter-Speech,,,,
699,405,Counter-Speech,,Counter-Speech,,,,
700,406,Counter-Speech,,Counter-Speech,,,,
701,407,Neutral,,Neutral,,,,
702,408,Counter-Speech,,Counter-Speech,,,,
703,409,Counter-Speech,,Counter-Speech,,,,
704,410,Counter-Speech,,Counter-Speech,,,,
705,411,Neutral,,Counter-Speech,,,,
706,412,Counter-Speech,,Counter-Speech,,,,
707,413,Counter-Speech,,Counter-Speech,,,,
708,414,Counter-Speech,,Counter-Speech,,,,
709,415,Counter-Speech,,Counter-Speech,,,,
710,416,Counter-Speech,,Counter-Speech,,,,
711,417,Counter-Speech,,Counter-Speech,,,,
712,418,Counter-Speech,,Neutral,,,,
713,419,Counter-Speech,,Counter-Speech,,,,
714,420,Counter-Speech,,Counter-Speech,,,,
715,421,Neutral,,Neutral,,,,
716,422,Counter-Speech,,Counter-Speech,,,,
717,423,Neutral,,Counter-Speech,,,,
718,424,Counter-Speech,,Counter-Speech,,,,
719,425,Neutral,,Counter-Speech,,,,
720,426,Counter-Speech,,Counter-Speech,,,,
721,427,Counter-Speech,,Counter-Speech,,,,
722,428,Counter-Speech,,Counter-Speech,,,,
723,429,Counter-Speech,,Counter-Speech,,,,
724,430,Counter-Speech,,Counter-Speech,,,,
725,431,Counter-Speech,,Counter-Speech,,,,
726,432,Counter-Speech,,Counter-Speech,,,,
727,433,Neutral,,Neutral,,,,
728,434,Counter-Speech,,Counter-Speech,,,,
729,435,Counter-Speech,,Counter-Speech,,,,
730,436,Counter-Speech,,Counter-Speech,,,,
731,437,Counter-Speech,,Counter-Speech,,,,
732,438,Counter-Speech,,Counter-Speech,,,,
733,439,Counter-Speech,,Counter-Speech,,,,
734,440,Neutral,,Neutral,,,,
735,882,Counter-Speech,,Counter-Speech,,,,
736,883,Counter-Speech,,Counter-Speech,,,,
737,884,Counter-Speech,,Counter-Speech,,,,
738,885,Counter-Speech,,Counter-Speech,,,,
739,886,Counter-Speech,,Counter-Speech,,,,
740,887,Counter-Speech,,Counter-Speech,,,,
741,888,Counter-Speech,,Counter-Speech,,,,
742,889,Counter-Speech,,Counter-Speech,,,,
743,890,Counter-Speech,,Counter-Speech,,,,
744,891,Counter-Speech,,Counter-Speech,,,,
745,892,Counter-Speech,,Counter-Speech,,,,
746,893,Counter-Speech,,Counter-Speech,,,,
747,894,Counter-Speech,,Counter-Speech,,,,
748,895,Counter-Speech,,Counter-Speech,,,,
749,896,Counter-Speech,,Counter-Speech,,,,
750,897,Counter-Speech,,Counter-Speech,,,,
751,898,Counter-Speech,,Counter-Speech,,,,
752,899,Counter-Speech,,Counter-Speech,,,,
753,900,Counter-Speech,,Counter-Speech,,,,
754,901,Counter-Speech,,Counter-Speech,,,,
755,902,Counter-Speech,,Counter-Speech,,,,
756,903,Counter-Speech,,Counter-Speech,,,,
757,904,Counter-Speech,,Counter-Speech,,,,
758,905,Counter-Speech,,Counter-Speech,,,,
759,906,Counter-Speech,,Counter-Speech,,,,
760,907,Counter-Speech,,Counter-Speech,,,,
761,908,Counter-Speech,,Counter-Speech,,,,
762,909,Counter-Speech,,Counter-Speech,,,,
763,910,Counter-Speech,,Counter-Speech,,,,
764,911,Counter-Speech,,Counter-Speech,,,,
765,912,Counter-Speech,,Counter-Speech,,,,
766,913,Counter-Speech,,Counter-Speech,,,,
767,914,Counter-Speech,,Counter-Speech,,,,
768,915,Counter-Speech,,Counter-Speech,,,,
769,916,Counter-Speech,,Counter-Speech,,,,
770,917,Counter-Speech,,Counter-Speech,,,,
771,918,Counter-Speech,,Counter-Speech,,,,
772,919,Counter-Speech,,Counter-Speech,,,,
773,920,Counter-Speech,,Counter-Speech,,,,
774,921,Counter-Speech,,Counter-Speech,,,,
775,922,Counter-Speech,,Counter-Speech,,,,
776,923,Counter-Speech,,Counter-Speech,,,,
777,924,Counter-Speech,,Counter-Speech,,,,
778,925,Counter-Speech,,Counter-Speech,,,,
779,926,Counter-Speech,,Counter-Speech,,,,
780,927,Counter-Speech,,Counter-Speech,,,,
781,928,Counter-Speech,,Counter-Speech,,,,
782,929,Counter-Speech,,Counter-Speech,,,,
783,930,Counter-Speech,,Counter-Speech,,,,
784,931,Counter-Speech,,Counter-Speech,,,,
785,932,Counter-Speech,,Counter-Speech,,,,
786,933,Counter-Speech,,Counter-Speech,,,,
787,934,Counter-Speech,,Counter-Speech,,,,
788,935,Counter-Speech,,Counter-Speech,,,,
789,936,Counter-Speech,,Counter-Speech,,,,
790,937,Counter-Speech,,Counter-Speech,,,,
791,938,Counter-Speech,,Counter-Speech,,,,
792,939,Counter-Speech,,Counter-Speech,,,,
793,940,Counter-Speech,,Counter-Speech,,,,
794,941,Counter-Speech,,Counter-Speech,,,,
795,942,Counter-Speech,,Counter-Speech,,,,
796,943,Counter-Speech,,Counter-Speech,,,,
797,944,Counter-Speech,,Counter-Speech,,,,
798,945,Counter-Speech,,Counter-Speech,,,,
799,946,Counter-Speech,,Counter-Speech,,,,
800,947,Counter-Speech,,Counter-Speech,,,,
801,948,Counter-Speech,,Counter-Speech,,,,
802,949,Counter-Speech,,Counter-Speech,,,,
803,950,Counter-Speech,,Counter-Speech,,,,
804,951,Counter-Speech,,Counter-Speech,,,,
805,952,Counter-Speech,,Counter-Speech,,,,
806,953,Counter-Speech,,Counter-Speech,,,,
807,954,Counter-Speech,,Counter-Speech,,,,
808,955,Counter-Speech,,Counter-Speech,,,,
809,956,Counter-Speech,,Counter-Speech,,,,
810,957,Counter-Speech,,Counter-Speech,,,,
811,958,Counter-Speech,,Counter-Speech,,,,
812,959,Counter-Speech,,Counter-Speech,,,,
813,960,Counter-Speech,,Counter-Speech,,,,
814,961,Counter-Speech,,Counter-Speech,,,,
815,962,Counter-Speech,,Counter-Speech,,,,
816,963,Counter-Speech,,Counter-Speech,,,,
817,964,Counter-Speech,,Counter-Speech,,,,
818,965,Counter-Speech,,Counter-Speech,,,,
819,966,Counter-Speech,,Counter-Speech,,,,
820,967,Counter-Speech,,Counter-Speech,,,,
821,968,Counter-Speech,,Counter-Speech,,,,
822,969,Counter-Speech,,Counter-Speech,,,,
823,970,Counter-Speech,,Counter-Speech,,,,
824,971,Counter-Speech,,Counter-Speech,,,,
825,972,Counter-Speech,,Counter-Speech,,,,
826,973,Counter-Speech,,Counter-Speech,,,,
827,974,Counter-Speech,,Counter-Speech,,,,
828,975,Counter-Speech,,Counter-Speech,,,,
829,976,Counter-Speech,,Counter-Speech,,,,
830,977,Counter-Speech,,Counter-Speech,,,,
831,978,Counter-Speech,,Counter-Speech,,,,
832,979,Counter-Speech,,Counter-Speech,,,,
833,980,Counter-Speech,,Counter-Speech,,,,
834,981,Counter-Speech,,Counter-Speech,,,,
835,982,Counter-Speech,,Counter-Speech,,,,
836,983,Counter-Speech,,Neutral,,,,
837,984,Counter-Speech,,Counter-Speech,,,,
838,985,Counter-Speech,,Counter-Speech,,,,
839,986,Counter-Speech,,Counter-Speech,,,,
840,987,Counter-Speech,,Counter-Speech,,,,
841,988,Counter-Speech,,Counter-Speech,,,,
842,989,Counter-Speech,,Counter-Speech,,,,
843,990,Counter-Speech,,Counter-Speech,,,,
844,991,Counter-Speech,,Counter-Speech,,,,
845,992,Counter-Speech,,Counter-Speech,,,,
846,993,Counter-Speech,,Counter-Speech,,,,
847,994,Counter-Speech,,Counter-Speech,,,,
848,995,Counter-Speech,,Counter-Speech,,,,
849,996,Counter-Speech,,Counter-Speech,,,,
850,997,Counter-Speech,,Counter-Speech,,,,
851,998,Counter-Speech,,Counter-Speech,,,,
852,999,Counter-Speech,,Counter-Speech,,,,
853,1000,Counter-Speech,,Counter-Speech,,,,
854,1001,Counter-Speech,,Counter-Speech,,,,
855,1002,Counter-Speech,,Counter-Speech,,,,
856,1003,Counter-Speech,,Counter-Speech,,,,
857,1004,Counter-Speech,,Counter-Speech,,,,
858,1005,Counter-Speech,,Counter-Speech,,,,
859,1006,Counter-Speech,,Counter-Speech,,,,
860,1007,Counter-Speech,,Counter-Speech,,,,
861,1008,Counter-Speech,,Counter-Speech,,,,
862,1009,Counter-Speech,,Counter-Speech,,,,
863,1010,Counter-Speech,,Counter-Speech,,,,
864,1011,Counter-Speech,,Counter-Speech,,,,
865,1012,Counter-Speech,,Counter-Speech,,,,
866,1013,Counter-Speech,,Counter-Speech,,,,
867,1014,Counter-Speech,,Counter-Speech,,,,
868,1015,Counter-Speech,,Counter-Speech,,,,
869,1016,Counter-Speech,,Counter-Speech,,,,
870,1017,Counter-Speech,,Counter-Speech,,,,
871,1018,Counter-Speech,,Counter-Speech,,,,
872,1019,Counter-Speech,,Counter-Speech,,,,
873,1020,Counter-Speech,,Counter-Speech,,,,
874,1021,Counter-Speech,,Counter-Speech,,,,
875,1022,Counter-Speech,,Counter-Speech,,,,
876,1023,Counter-Speech,,Counter-Speech,,,,
877,1024,Counter-Speech,,Counter-Speech,,,,
878,1025,Counter-Speech,,Counter-Speech,,,,
879,1026,Counter-Speech,,Counter-Speech,,,,
880,1027,Counter-Speech,,Counter-Speech,,,,
881,1028,Counter-Speech,,Counter-Speech,,,,
882,441,Counter-Speech,,Counter-Speech,,,,
883,442,Counter-Speech,,Counter-Speech,,,,
884,443,Counter-Speech,,Counter-Speech,,,,
885,444,Counter-Speech,,Counter-Speech,,,,
886,445,Counter-Speech,,Counter-Speech,,,,
887,446,Counter-Speech,,Counter-Speech,,,,
888,447,Counter-Speech,,Counter-Speech,,,,
889,448,Counter-Speech,,Counter-Speech,,,,
890,449,Counter-Speech,,Counter-Speech,,,,
891,450,Counter-Speech,,Counter-Speech,,,,
892,451,Counter-Speech,,Counter-Speech,,,,
893,452,Counter-Speech,,Counter-Speech,,,,
894,453,Counter-Speech,,Counter-Speech,,,,
895,454,Counter-Speech,,Counter-Speech,,,,
896,455,Counter-Speech,,Counter-Speech,,,,
897,456,Counter-Speech,,Counter-Speech,,,,
898,457,Counter-Speech,,Counter-Speech,,,,
899,458,Counter-Speech,,Counter-Speech,,,,
900,459,Counter-Speech,,Counter-Speech,,,,
901,460,Counter-Speech,,Counter-Speech,,,,
902,461,Counter-Speech,,Counter-Speech,,,,
903,462,Counter-Speech,,Counter-Speech,,,,
904,463,Counter-Speech,,Counter-Speech,,,,
905,464,Counter-Speech,,Counter-Speech,,,,
906,465,Counter-Speech,,Neutral,,,,
907,466,Neutral,,Counter-Speech,,,,
908,467,Counter-Speech,,Counter-Speech,,,,
909,468,Counter-Speech,,Counter-Speech,,,,
910,469,Counter-Speech,,Counter-Speech,,,,
911,470,Neutral,,Neutral,,,,
912,471,Counter-Speech,,Counter-Speech,,,,
913,472,Counter-Speech,,Counter-Speech,,,,
914,473,Counter-Speech,,Counter-Speech,,,,
915,474,Counter-Speech,,Counter-Speech,,,,
916,475,Counter-Speech,,Counter-Speech,,,,
917,476,Counter-Speech,,Counter-Speech,,,,
918,477,Counter-Speech,,Counter-Speech,,,,
919,478,Counter-Speech,,Counter-Speech,,,,
920,479,Counter-Speech,,Counter-Speech,,,,
921,480,Counter-Speech,,Counter-Speech,,,,
922,481,Counter-Speech,,Counter-Speech,,,,
923,482,Counter-Speech,,Counter-Speech,,,,
924,483,Counter-Speech,,Counter-Speech,,,,
925,484,Counter-Speech,,Counter-Speech,,,,
926,485,Counter-Speech,,Counter-Speech,,,,
927,486,Counter-Speech,,Counter-Speech,,,,
928,487,Counter-Speech,,Counter-Speech,,,,
929,488,Counter-Speech,,Counter-Speech,,,,
930,489,Counter-Speech,,Neutral,,,,
931,490,Counter-Speech,,Counter-Speech,,,,
932,491,Counter-Speech,,Counter-Speech,,,,
933,492,Counter-Speech,,Counter-Speech,,,,
934,493,Counter-Speech,,Counter-Speech,,,,
935,494,Counter-Speech,,Counter-Speech,,,,
936,495,Counter-Speech,,Counter-Speech,,,,
937,496,Counter-Speech,,Counter-Speech,,,,
938,497,Counter-Speech,,Counter-Speech,,,,
939,498,Counter-Speech,,Counter-Speech,,,,
940,499,Counter-Speech,,Counter-Speech,,,,
941,500,Counter-Speech,,Counter-Speech,,,,
942,501,Counter-Speech,,Counter-Speech,,,,
943,502,Counter-Speech,,Counter-Speech,,,,
944,503,Counter-Speech,,Counter-Speech,,,,
945,504,Counter-Speech,,Counter-Speech,,,,
946,505,Counter-Speech,,Counter-Speech,,,,
947,506,Counter-Speech,,Counter-Speech,,,,
948,507,Counter-Speech,,Counter-Speech,,,,
949,508,Counter-Speech,,Counter-Speech,,,,
950,509,Counter-Speech,,Counter-Speech,,,,
951,510,Counter-Speech,,Counter-Speech,,,,
952,511,Counter-Speech,,Counter-Speech,,,,
953,512,Counter-Speech,,Counter-Speech,,,,
954,513,Counter-Speech,,Counter-Speech,,,,
955,514,Counter-Speech,,Counter-Speech,,,,
956,515,Neutral,,Counter-Speech,,,,
957,516,Counter-Speech,,Counter-Speech,,,,
958,517,Counter-Speech,,Counter-Speech,,,,
959,518,Counter-Speech,,Counter-Speech,,,,
960,519,Counter-Speech,,Counter-Speech,,,,
961,520,Counter-Speech,,Counter-Speech,,,,
962,521,Counter-Speech,,Counter-Speech,,,,
963,522,Counter-Speech,,Counter-Speech,,,,
964,523,Counter-Speech,,Counter-Speech,,,,
965,524,Counter-Speech,,Counter-Speech,,,,
966,525,Counter-Speech,,Counter-Speech,,,,
967,526,Counter-Speech,,Counter-Speech,,,,
968,527,Counter-Speech,,Counter-Speech,,,,
969,528,Counter-Speech,,Counter-Speech,,,,
970,529,Counter-Speech,,Counter-Speech,,,,
971,530,Counter-Speech,,Counter-Speech,,,,
972,531,Counter-Speech,,Counter-Speech,,,,
973,532,Counter-Speech,,Counter-Speech,,,,
974,533,Counter-Speech,,Counter-Speech,,,,
975,534,Counter-Speech,,Counter-Speech,,,,
976,535,Counter-Speech,,Counter-Speech,,,,
977,536,Counter-Speech,,Counter-Speech,,,,
978,537,Counter-Speech,,Counter-Speech,,,,
979,538,Counter-Speech,,Counter-Speech,,,,
980,539,Counter-Speech,,Counter-Speech,,,,
981,540,Counter-Speech,,Counter-Speech,,,,
982,541,Counter-Speech,,Counter-Speech,,,,
983,542,Counter-Speech,,Counter-Speech,,,,
984,543,Counter-Speech,,Counter-Speech,,,,
985,544,Counter-Speech,,Counter-Speech,,,,
986,545,Counter-Speech,,Counter-Speech,,,,
987,546,Counter-Speech,,Counter-Speech,,,,
988,547,Counter-Speech,,Counter-Speech,,,,
989,548,Counter-Speech,,Counter-Speech,,,,
990,549,Counter-Speech,,Counter-Speech,,,,
991,550,Refusal,,Refusal,,,,
992,551,Counter-Speech,,Counter-Speech,,,,
993,552,Counter-Speech,,Counter-Speech,,,,
994,553,Counter-Speech,,Counter-Speech,,,,
995,554,Counter-Speech,,Counter-Speech,,,,
996,555,Counter-Speech,,Counter-Speech,,,,
997,556,Counter-Speech,,Counter-Speech,,,,
998,557,Counter-Speech,,Counter-Speech,,,,
999,558,Counter-Speech,,Counter-Speech,,,,
1000,559,Counter-Speech,,Counter-Speech,,,,
1001,560,Counter-Speech,,Counter-Speech,,,,
1002,561,Counter-Speech,,Counter-Speech,,,,
1003,562,Counter-Speech,,Counter-Speech,,,,
1004,563,Counter-Speech,,Counter-Speech,,,,
1005,564,Counter-Speech,,Counter-Speech,,,,
1006,565,Counter-Speech,,Counter-Speech,,,,
1007,566,Counter-Speech,,Counter-Speech,,,,
1008,567,Counter-Speech,,Counter-Speech,,,,
1009,568,Counter-Speech,,Counter-Speech,,,,
1010,569,Neutral,,Neutral,,,,
1011,570,Counter-Speech,,Counter-Speech,,,,
1012,571,Counter-Speech,,Counter-Speech,,,,
1013,572,Counter-Speech,,Counter-Speech,,,,
1014,573,Counter-Speech,,Counter-Speech,,,,
1015,574,Counter-Speech,,Counter-Speech,,,,
1016,575,Counter-Speech,,Counter-Speech,,,,
1017,576,Counter-Speech,,Counter-Speech,,,,
1018,577,Counter-Speech,,Counter-Speech,,,,
1019,578,Counter-Speech,,Counter-Speech,,,,
1020,579,Counter-Speech,,Counter-Speech,,,,
1021,580,Counter-Speech,,Counter-Speech,,,,
1022,581,Counter-Speech,,Counter-Speech,,,,
1023,582,Counter-Speech,,Counter-Speech,,,,
1024,583,Counter-Speech,,Counter-Speech,,,,
1025,584,Counter-Speech,,Counter-Speech,,,,
1026,585,Counter-Speech,,Counter-Speech,,,,
1027,586,Counter-Speech,,Counter-Speech,,,,
1028,587,Counter-Speech,,Counter-Speech,,,,
1029,1029,Counter-Speech,,Counter-Speech,,,,
1030,1030,Counter-Speech,,Counter-Speech,,,,
1031,1031,Counter-Speech,,Counter-Speech,,,,
1032,1032,Counter-Speech,,Counter-Speech,,,,
1033,1033,Counter-Speech,,Counter-Speech,,,,
1034,1034,Counter-Speech,,Counter-Speech,,,,
1035,1035,Counter-Speech,,Counter-Speech,,,,
1036,1036,Counter-Speech,,Counter-Speech,,,,
1037,1037,Counter-Speech,,Counter-Speech,,,,
1038,1038,Counter-Speech,,Counter-Speech,,,,
1039,1039,Counter-Speech,,Counter-Speech,,,,
1040,1040,Counter-Speech,,Counter-Speech,,,,
1041,1041,Counter-Speech,,Counter-Speech,,,,
1042,1042,Counter-Speech,,Counter-Speech,,,,
1043,1043,Counter-Speech,,Counter-Speech,,,,
1044,1044,Counter-Speech,,Counter-Speech,,,,
1045,1045,Counter-Speech,,Counter-Speech,,,,
1046,1046,Counter-Speech,,Counter-Speech,,,,
1047,1047,Counter-Speech,,Counter-Speech,,,,
1048,1048,Counter-Speech,,Counter-Speech,,,,
1049,1049,Counter-Speech,,Counter-Speech,,,,
1050,1050,Counter-Speech,,Counter-Speech,,,,
1051,1051,Counter-Speech,,Counter-Speech,,,,
1052,1052,Counter-Speech,,Counter-Speech,,,,
1053,1053,Counter-Speech,,Counter-Speech,,,,
1054,1054,Counter-Speech,,Counter-Speech,,,,
1055,1055,Counter-Speech,,Counter-Speech,,,,
1056,1056,Counter-Speech,,Counter-Speech,,,,
1057,1057,Counter-Speech,,Counter-Speech,,,,
1058,1058,Counter-Speech,,Counter-Speech,,,,
1059,1059,Counter-Speech,,Counter-Speech,,,,
1060,1060,Counter-Speech,,Counter-Speech,,,,
1061,1061,Counter-Speech,,Counter-Speech,,,,
1062,1062,Counter-Speech,,Counter-Speech,,,,
1063,1063,Counter-Speech,,Counter-Speech,,,,
1064,1064,Counter-Speech,,Counter-Speech,,,,
1065,1065,Counter-Speech,,Counter-Speech,,,,
1066,1066,Counter-Speech,,Counter-Speech,,,,
1067,1067,Counter-Speech,,Counter-Speech,,,,
1068,1068,Counter-Speech,,Counter-Speech,,,,
1069,1069,Counter-Speech,,Counter-Speech,,,,
1070,1070,Counter-Speech,,Counter-Speech,,,,
1071,1071,Counter-Speech,,Counter-Speech,,,,
1072,1072,Counter-Speech,,Counter-Speech,,,,
1073,1073,Counter-Speech,,Counter-Speech,,,,
1074,1074,Counter-Speech,,Counter-Speech,,,,
1075,1075,Counter-Speech,,Counter-Speech,,,,
1076,1076,Counter-Speech,,Counter-Speech,,,,
1077,1077,Counter-Speech,,Counter-Speech,,,,
1078,1078,Counter-Speech,,Counter-Speech,,,,
1079,1079,Counter-Speech,,Counter-Speech,,,,
1080,1080,Counter-Speech,,Counter-Speech,,,,
1081,1081,Counter-Speech,,Counter-Speech,,,,
1082,1082,Counter-Speech,,Counter-Speech,,,,
1083,1083,Counter-Speech,,Counter-Speech,,,,
1084,1084,Counter-Speech,,Counter-Speech,,,,
1085,1085,Counter-Speech,,Counter-Speech,,,,
1086,1086,Counter-Speech,,Counter-Speech,,,,
1087,1087,Counter-Speech,,Counter-Speech,,,,
1088,1088,Counter-Speech,,Counter-Speech,,,,
1089,1089,Counter-Speech,,Counter-Speech,,,,
1090,1090,Counter-Speech,,Counter-Speech,,,,
1091,1091,Counter-Speech,,Counter-Speech,,,,
1092,1092,Counter-Speech,,Counter-Speech,,,,
1093,1093,Counter-Speech,,Counter-Speech,,,,
1094,1094,Counter-Speech,,Counter-Speech,,,,
1095,1095,Counter-Speech,,Counter-Speech,,,,
1096,1096,Counter-Speech,,Counter-Speech,,,,
1097,1097,Counter-Speech,,Counter-Speech,,,,
1098,1098,Counter-Speech,,Counter-Speech,,,,
1099,1099,Counter-Speech,,Counter-Speech,,,,
1100,1100,Counter-Speech,,Counter-Speech,,,,
1101,1101,Counter-Speech,,Counter-Speech,,,,
1102,1102,Counter-Speech,,Counter-Speech,,,,
1103,1103,Counter-Speech,,Counter-Speech,,,,
1104,1104,Counter-Speech,,Counter-Speech,,,,
1105,1105,Counter-Speech,,Counter-Speech,,,,
1106,1106,Counter-Speech,,Counter-Speech,,,,
1107,1107,Counter-Speech,,Counter-Speech,,,,
1108,1108,Counter-Speech,,Counter-Speech,,,,
1109,1109,Counter-Speech,,Counter-Speech,,,,
1110,1110,Counter-Speech,,Counter-Speech,,,,
1111,1111,Counter-Speech,,Counter-Speech,,,,
1112,1112,Counter-Speech,,Counter-Speech,,,,
1113,1113,Counter-Speech,,Counter-Speech,,,,
1114,1114,Counter-Speech,,Counter-Speech,,,,
1115,1115,Counter-Speech,,Counter-Speech,,,,
1116,1116,Counter-Speech,,Counter-Speech,,,,
1117,1117,Counter-Speech,,Counter-Speech,,,,
1118,1118,Counter-Speech,,Counter-Speech,,,,
1119,1119,Counter-Speech,,Counter-Speech,,,,
1120,1120,Counter-Speech,,Counter-Speech,,,,
1121,1121,Counter-Speech,,Counter-Speech,,,,
1122,1122,Counter-Speech,,Counter-Speech,,,,
1123,1123,Counter-Speech,,Counter-Speech,,,,
1124,1124,Counter-Speech,,Counter-Speech,,,,
1125,1125,Counter-Speech,,Counter-Speech,,,,
1126,1126,Counter-Speech,,Counter-Speech,,,,
1127,1127,Counter-Speech,,Counter-Speech,,,,
1128,1128,Counter-Speech,,Counter-Speech,,,,
1129,1129,Counter-Speech,,Counter-Speech,,,,
1130,1130,Counter-Speech,,Counter-Speech,,,,
1131,1131,Counter-Speech,,Counter-Speech,,,,
1132,1132,Neutral,,Counter-Speech,,,,
1133,1133,Counter-Speech,,Counter-Speech,,,,
1134,1134,Counter-Speech,,Counter-Speech,,,,
1135,1135,Counter-Speech,,Counter-Speech,,,,
1136,1136,Counter-Speech,,Counter-Speech,,,,
1137,1137,Counter-Speech,,Counter-Speech,,,,
1138,1138,Refusal,,Refusal,,,,
1139,1139,Counter-Speech,,Counter-Speech,,,,
1140,1140,Counter-Speech,,Counter-Speech,,,,
1141,1141,Counter-Speech,,Counter-Speech,,,,
1142,1142,Counter-Speech,,Counter-Speech,,,,
1143,1143,Counter-Speech,,Counter-Speech,,,,
1144,1144,Counter-Speech,,Counter-Speech,,,,
1145,1145,Counter-Speech,,Counter-Speech,,,,
1146,1146,Counter-Speech,,Counter-Speech,,,,
1147,1147,Counter-Speech,,Counter-Speech,,,,
1148,1148,Counter-Speech,,Counter-Speech,,,,
1149,1149,Counter-Speech,,Counter-Speech,,,,
1150,1150,Counter-Speech,,Counter-Speech,,,,
1151,1151,Counter-Speech,,Counter-Speech,,,,
1152,1152,Counter-Speech,,Counter-Speech,,,,
1153,1153,Counter-Speech,,Counter-Speech,,,,
1154,1154,Counter-Speech,,Counter-Speech,,,,
1155,1155,Counter-Speech,,Counter-Speech,,,,
1156,1156,Counter-Speech,,Counter-Speech,,,,
1157,1157,Counter-Speech,,Counter-Speech,,,,
1158,1158,Counter-Speech,,Counter-Speech,,,,
1159,1159,Counter-Speech,,Counter-Speech,,,,
1160,1160,Counter-Speech,,Counter-Speech,,,,
1161,1161,Counter-Speech,,Counter-Speech,,,,
1162,1162,Counter-Speech,,Counter-Speech,,,,
1163,1163,Counter-Speech,,Counter-Speech,,,,
1164,1164,Counter-Speech,,Counter-Speech,,,,
1165,1165,Counter-Speech,,Counter-Speech,,,,
1166,1166,Counter-Speech,,Counter-Speech,,,,
1167,1167,Counter-Speech,,Counter-Speech,,,,
1168,1168,Counter-Speech,,Counter-Speech,,,,
1169,1169,Counter-Speech,,Counter-Speech,,,,
1170,1170,Counter-Speech,,Counter-Speech,,,,
1171,1171,Counter-Speech,,Counter-Speech,,,,
1172,1172,Counter-Speech,,Counter-Speech,,,,
1173,1173,Counter-Speech,,Counter-Speech,,,,
1174,1174,Counter-Speech,,Counter-Speech,,,,
1175,1175,Counter-Speech,,Counter-Speech,,,,
