INDEX,HATE_SPEECH,COUNTER_NARRATIVE,TARGET,VERSION
0,ربما يجب على الأمم المتحدة أن تتحدث مع تلك الدول الآسيوية والأفريقية المسؤولة عن أكثر من 90٪ من تلوث المحيطات بدلاً من الإصرار على هذا الهراء حول تغير المناخ.,"You're right, ocean pollution is one of the main environmental problems we face, however, climate change is a global problem, and everyone should help to combat it, no matter where in the world you are from!",other,V1
1,"‘العصير (اليهود) أسوأ من القنابل النووية.’ تعليق على ميم يظهر هيروشيما عام 1945 والوقت الحاضر، مقارنة بصور ديترويت عام 1945 والوقت الحاضر.",You'd rather be nuked then?,JEWS,V1
2,قفز عدد الأجانب الذين يحصلون على إعانات في المملكة المتحدة بنسبة 41٪ خلال خمس سنوات مع حصول أكثر من 400 ألف شخص الآن على مدفوعات. يجب أن يتوقف هذا الهراء.,"You seem to be worried about government expenditure… it has actually been shown that,over time, migration reduces pressure on government spending – because migrants are more likely to be young adult workers. https://migrationobservatory.ox.ac.uk/resources/briefings/the-fiscal-impact-of-immigration-in-the-uk/",MIGRANTS,V1
3,"لا يمكن لليهود أن يكونوا وطنيين، لأن ولاءهم سيكون دائمًا لدولة إسرائيل.","You can have parents and grandparents born elsewhere, and still be a patriot for the country you were born in.",JEWS,V1
4,"إسرائيل، الصهيونية وسيطرة اليهود المتفوقين على أمريكا هي الأسباب الرئيسية للإرهاب وعدم الاستقرار والصراع في العالم. كل النظريات الأخرى هي تشتيت عن هذه الحقيقة المطلقة.",Wouldn't you say its colonialism from many different countries and the consequesequences of Western intervention abroad which led to a lot of radicalisation and extremism?,JEWS,V1
5,"النساء مثل الأطفال في الأساس، يظللن هكذا معظم حياتهن. ناعمة وعاطفية. لقد دمر ذلك حضاراتنا الأبوية العظيمة.",Would you say the same thing to the women who gave you life or treat you in hospital or taught you in school?,WOMEN,V1
6,قفز عدد الأجانب الذين يحصلون على إعانات في المملكة المتحدة بنسبة 41٪ خلال خمس سنوات مع حصول أكثر من 400 ألف شخص الآن على مدفوعات. يجب أن يتوقف هذا الهراء.,"Would be intersting to see how much money ""foreigners"" are giving the UK in terms of taxes. It's not hard to see how much we have to thank them for. Would be beneficial for everyone to focus on stopping tax evasion instead.",MIGRANTS,V1
7,"العرق هو بناء اجتماعي، وإذا رأيت أي اختلاف بين هاتين المرأتين، فهذا لأن لديك مرض عقلي. [صورة تظهر رياضية أوروبية شقراء، بجانب صورة لامرأة أفريقية ترتدي صحن شفاه]","Women are women the world over, full stop.",POC,V1
8,"من أنت بحق الجحيم؟ لقد سئمنا من الكارهات للرجال اللواتي يحاولن تقويض الرجال البيض الأقوياء، بينما هن فقط غيورات وغير كفؤات وعديمات الفائدة.",Without women there would be no men.,WOMEN,V1
9,"النساء مثل الأطفال في الأساس، يظللن هكذا معظم حياتهن. ناعمة وعاطفية. لقد دمر ذلك حضاراتنا الأبوية العظيمة.",WIthout softeness and emotions there would just be brutality and cruelty. Not all women are soft and emotional and many men have these characteristics. To perpetuate these socially constructed gender profiles maintains patriarchal norms which oppress both men and women.,WOMEN,V1
10,"من أنت بحق الجحيم؟ لقد سئمنا من الكارهات للرجال اللواتي يحاولن تقويض الرجال البيض الأقوياء. إنهن فقط غيورات وغير كفؤات وعديمات الفائدة.",What makes you think that women are jealous of men? What qualities do you value as a White Male?,WOMEN,V1
11,"يضحكني بحق الجحيم، لماذا لا ينبغي أن يكون البيض متفوقين في بلد أغلبه من البيض؟ لماذا لا يشتكي أحد من تفوق السود في دول السود مثل الصومال؟ أو تفوق المكسيكيين؟ أو الهنود؟ فقط نحن من يتحمل هذا الهراء.",Why do we need supremacy? We are all created equal in the eyes of God.,other,V1
12,ما الفرق بين البقرة والمحرقة؟ تتوقف عن حلب البقرة بعد 70 عامًا.,We should be respectful and compassionate towards those who suffered in one of the most horrific event in the history of mankind... I think this should be remembered forever!,JEWS,V1
13,"بدأنا في الانهيار عندما سمحنا للنساء بالتصويت/التدخل في الحضارة التي بنيناها وحافظنا عليها لآلاف السنين. طاقة وأنماط تفكير مختلفة تمامًا. إنهن ضعيفات ويخفضن مجتمعنا إلى مستواهن العاطفي الناعم.","Who is 'we', surely it was men and women working together that built civilisation? Why is it you think being 'soft' is a problem? Everyone is entitled to their emotions, and men shouldn't have to 'man up'.",WOMEN,V1
14,"اليهود يحبون عزل مناطق لأنفسهم، بينما يملؤون أحياء البيض بالإسكان الاجتماعي من خلال قضاتهم.",Which suggests that white people like to cordon off areas for themselves...,JEWS,V1
15,"الأقليات تصوت لتجريد البيض من الثروة والسلطة ويتم تنظيمهم للقيام بذلك من قبل اليهود.",Where is your evidence?,JEWS,V1
16,"إسرائيل، الصهيونية وسيطرة اليهود المتفوقين على أمريكا هي الأسباب الرئيسية للإرهاب وعدم الاستقرار والصراع في العالم. كل النظريات الأخرى هي تشتيت عن هذه الحقيقة المطلقة.",Where are the facts?,JEWS,V1
17,"اليهود قاموا بهجمات: يو إس إس ليبرتي، فندق الملك داود، نيويورك 9/11، لندن 7/7",Where are the facts?,JEWS,V1
18,"المتطرفون الصهاينة يتآمرون في القدس. أهدافهم هي إحداث الفوضى والدمار والقتل وخلق المزيد من اللاجئين وتدمير أوروبا.",What's your proof for claiming this?,JEWS,V1
19,"ماذا لو كان جميع حكامنا من المتحرشين بالأطفال الذين يسيطر عليهم اليهود؟ هذا سيفسر الكثير.",What would it explain? This comment is very vague I wonder if you have any facts that make you wonder this.,JEWS,V1
20,"اليهود حول العالم لم يريدوا خروج بريطانيا من الاتحاد الأوروبي وهم يفعلون كل ما في وسعهم لإفشاله.",What makes you think that? Do you have any facts to back this up?,JEWS,V1
21,"اليهود قاموا بهجمات: يو إس إس ليبرتي، فندق الملك داود، نيويورك 9/11، لندن 7/7",Where is the proof of this? Looks like assumptions as opposed to facts...,JEWS,V1
22,"اليهودي الأمريكي، مثل المسلم، غريب، مخلص لقبيلته الأصلية، يتظاهر بأنه عضو في المجموعة من أجل تخريب المعايير الثقافية والسياسية والاجتماعية. لا يجب علينا الاختيار، من الجيد كره كليهما.",We do have to choose. It's ok to accept them both.,other,V1
23,"اليهودي الأمريكي، مثل المسلم، غريب، مخلص لقبيلته الأصلية، يتظاهر بأنه عضو في المجموعة من أجل تخريب المعايير الثقافية والسياسية والاجتماعية. لا يجب علينا الاختيار، من الجيد كره كليهما.","We can choose not to hate, and start to build bridges so we understand each other.",other,V1
24,"وزير التعليم البريطاني: 'جميع الأطفال من سن 4 سنوات سيحصلون على دروس إلزامية حول العلاقات المثلية.' – هذا ليس تعليمًا، هذا تلاعب وتلقين للأطفال ومنعهم من تطوير شخصياتهم.","We are always developing as time goes on and same sex relationships are a part of the world now, why would we not educate our children on different ways of life?",LGBT+,V1
25,"من أنت بحق الجحيم؟ لقد سئمنا من الكارهات للرجال اللواتي يحاولن تقويض الرجال البيض الأقوياء، بينما هن فقط غيورات وغير كفؤات وعديمات الفائدة.","Undermine or speak their mind? Yes, women have minds and they work just as well as men's.",WOMEN,V1
26,"نشرت الحكومة البريطانية مؤخرًا ورقة حول 'الأضرار عبر الإنترنت' – بمعنى آخر، سيعملون مع المنظمات اليهودية والإسلامية لمكافحة الكراهية لفرض الرقابة على الإنترنت. (في إشارة إلى Tell Mama و CST و Stop Hate UK)",To work with people from different backgrounds and different opinions is promoting free speech. If there wasn't free speech for everyone you couldn't express how you feel.,other,V1
27,"منذ متى أصبح استخدام فتحة الشرج كعضو جنسي 'إنجازًا عظيمًا'؟ هذه هي المثلية المفروضة من الدولة! ربما يجب أن نغير شعارنا إلى 'نثق في الربا واللواط' (ردًا على إلغاء بوتسوانا تجريم المثلية)",To recognise and accept practices that we don't take part in isn't state inforcement. It's just stating facts and stopping persecution of people who have different preferences.,LGBT+,V1
28,"لهذا السبب لا تنتمي النساء إلى السياسة، إذا اشتكى رجل مثلهن، فسوف يطلق عليه جبان ويطلب منه مغادرة الوظيفة. المساواة كذبة والنسوية حكم بالإعدام لأي حضارة.","To have a more positive political environment, inclusivity and representation of all types of people is necessary, therefore women do belong in politics",WOMEN,V1
29,باكستان: 202 مليون نيجيريا: 193 مليون بنغلاديش: 165 مليون إثيوبيا: 107 مليون الكونغو: 84 مليون بريطانيا العظمى: 66 مليون 'الأقليات العرقية' لا تضحكني بحق الجحيم!,"this is correct, but their percentage of the population within Great Britain makes them a minority",MIGRANTS,V1
30,"وزير التعليم البريطاني: 'جميع الأطفال من سن 4 سنوات سيحصلون على دروس إلزامية حول العلاقات المثلية.' – هذا ليس تعليمًا، هذا تلاعب وتلقين للأطفال ومنعهم من تطوير شخصياتهم.","This is about teaching children about the world they live in, and helping them get on with others.",LGBT+,V1
31,باكستان: 202 مليون نيجيريا: 193 مليون بنغلاديش: 165 مليون إثيوبيا: 107 مليون الكونغو: 84 مليون بريطانيا العظمى: 66 مليون 'الأقليات العرقية' لا تضحكني بحق الجحيم!,"These groups tend to be a minority in Britian. Either way, everyone deserves respect and protection and human rights.",MIGRANTS,V1
32,باكستان: 202 مليون نيجيريا: 193 مليون بنغلاديش: 165 مليون إثيوبيا: 107 مليون الكونغو: 84 مليون بريطانيا العظمى: 66 مليون 'الأقليات العرقية' لا تضحكني بحق الجحيم!,"These are numbers of residents in countries, not ethnic grouping.",MIGRANTS,V1
33,"التقطت هذه الصورة في وانستيد، شرق لندن. منطقة بها منازل تزيد قيمتها عن مليون جنيه إسترليني. المتسولون في الشارع الرئيسي وشخص ينام على مقعد. لا نستطيع إيواء شعبنا ولكننا نجلب ملايين آخرين. الإشارة إلى أن التشرد بسبب الهجرة غير المنضبطة يجعلك توصف بـ 'العنصري'. (تعليق على صورة شخص مشرد ينام على مقعد)",There are more than enough empty homes in this country right now to house every single homeless person. There is also more than enough wealth in this country to build new homes. We CAN house our ‘own people’ but the government chooses not to. Homelessness is an issue of wealth inequality not migration – if you genuinely care about poverty issues like homelessness you need to be questioning power structures and wealth distribution.,MIGRANTS,V1
34,"عندما تدمرون العالم أيها الحيوانات وتبدؤون بأكل بعضكم البعض، لأن هذا كل ما تجيدونه، سنظل نحن هنا، نحافظ على نقاء سلالتنا ضد كل الصعاب، نندم على اليوم الذي استمعنا فيه للنساء ورفعنا أقدامنا عن حناجركم.",The womenfolk appear to have wisdom and not a little heart.,WOMEN,V1
35,ربما يجب على الأمم المتحدة أن تتحدث مع تلك الدول الآسيوية والأفريقية المسؤولة عن أكثر من 90٪ من تلوث المحيطات بدلاً من الإصرار على هذا الهراء حول تغير المناخ.,"The US is the second most polluting country in the world - as the world’s biggest industrial and commercial power. We are all to blame here and need to work hand in hand to create sustainable change, as opposed to pointing the finger to others.",other,V1
36,"قوتهم في حظر الأفلام ومعاقبة المخرجين دليل على أن اليهود يسيطرون على هوليوود.","The ultra rich people in this industry - Jewish or not - have the power and influence. Not sure where you got your facts from regarding Jewish people ""controlling"" Hollywood.",JEWS,V1
37,"لقد انتصر النسويون. مع رفض العديد من النساء الإنجاب، سيتم استبدالنا وسنفقد حضارتنا.","The term 'feminism' is fighting for equal rights of ALL sexes, you may find that you too identify as a feminist. Maybe try some of the following sites to find out more on how the feminist movement can benefit you: feminist.com, read more on the 'man up campaign' on Mind.org.uk",WOMEN,V1
38,"النساء مثل الأطفال في الأساس، يظللن هكذا معظم حياتهن. ناعمة وعاطفية. لقد دمر ذلك حضاراتنا الأبوية العظيمة.",The patriarchy is not man's friend. Boys and men are told to be tough and to bear many burdens without being able to show any emotions or to talk about their struggles. This has led to great levels of suicide amoungst men. It is a question of survival and happiness to accept our differences and similarities and to work together.,WOMEN,V1
39,"النازيون كانوا سيئين جدًا في قتل اليهود… في كل مكان ترى ناجٍ من الهولوكوست.",The Nazi killing machine was all too efficient. Survivors lost so much and braved terror and cruelty. They should be celebrated.,JEWS,V1
40,"النازيون كانوا سيئين جدًا في قتل اليهود… في كل مكان ترى ناجٍ من الهولوكوست.",The murder of around 6 million Jews shows the scale of the genocide. This is 6 million more than should have ever happened.,JEWS,V1
41,"'الهولوكوست' هي عمل تجاري. لقد استُخدمت وما زالت تُستخدم لابتزاز ملايين الدولارات من الدول الأوروبية كتعويضات ولخلق جدار من الحصانة وراءه يمكن لليهود العمل بحرية دون انتقاد.","The Jews suffered horribly in the Holocaust, as did many other groups.Reparation is a small step to enable suffering people to rebuild their lives. Common humanity, surely?",JEWS,V1
42,"نشرت الحكومة البريطانية مؤخرًا ورقة حول 'الأضرار عبر الإنترنت' – بمعنى آخر، سيعملون مع المنظمات اليهودية والإسلامية لمكافحة الكراهية لفرض الرقابة على الإنترنت. (في إشارة إلى Tell Mama و CST و Stop Hate UK)",The internet has become a shouting platform for people's hateful views. Of course something needs to be done since people don't seem able to moderate their words themselves.,other,V1
43,"النازيون كانوا سيئين جدًا في قتل اليهود… في كل مكان ترى ناجٍ من الهولوكوست.","The holocaust was hugely tragic, and we are blessed to have holocaust survivors to hear from. They tell an important story that we must learn from.",JEWS,V1
44,"العرق هو بناء اجتماعي، وإذا رأيت أي اختلاف بين هاتين المرأتين، فهذا لأن لديك مرض عقلي. [صورة تظهر رياضية أوروبية شقراء، بجانب صورة لامرأة أفريقية ترتدي صحن شفاه]","the difference between these two individuals has nothing to do with race or gender, it is individual lifestyle and cultural difference.",POC,V1
45,"وزير التعليم البريطاني: 'جميع الأطفال من سن 4 سنوات سيحصلون على دروس إلزامية حول العلاقات المثلية.' – هذا ليس تعليمًا، هذا تلاعب وتلقين للأطفال ومنعهم من تطوير شخصياتهم.","Teaching children that there are different ways to be happy, and that their feelings are valid is something I totally agree with.",LGBT+,V1
46,"النساء مثل الأطفال في الأساس، يظللن هكذا معظم حياتهن. ناعمة وعاطفية. لقد دمر ذلك حضاراتنا الأبوية العظيمة.","Soft and emotional? You must have never heard of the likes of Rosa Parks, Emmeline Pankhurst and Florence Nightingale, then.",WOMEN,V1
47,"النساء مثل الأطفال في الأساس، يظللن هكذا معظم حياتهن. ناعمة وعاطفية. لقد دمر ذلك حضاراتنا الأبوية العظيمة.","Soft and emotinal' are personality traits, may I sugesst you read up on the #HeforShe movement that works for equal rights for men and women, and aims to stop the stigma around men showing emotions.",WOMEN,V1
48,باكستان: 202 مليون نيجيريا: 193 مليون بنغلاديش: 165 مليون إثيوبيا: 107 مليون الكونغو: 84 مليون بريطانيا العظمى: 66 مليون 'الأقليات العرقية' لا تضحكني بحق الجحيم!,Since when was Great Britain an ethnic group? Or Pakistan for that matter. Or Nigeria...etc,MIGRANTS,V1
49,"وزير التعليم البريطاني: 'جميع الأطفال من سن 4 سنوات سيحصلون على دروس إلزامية حول العلاقات المثلية.' – هذا ليس تعليمًا، هذا تلاعب وتلقين للأطفال ومنعهم من تطوير شخصياتهم.","Same sex relationship happen within many species of animals and we are no exception. Might as well inform people about things that happen in nature - that's the point of education, to learn about the world.",LGBT+,V1
50,"نشرت الحكومة البريطانية مؤخرًا ورقة حول 'الأضرار عبر الإنترنت' – بمعنى آخر، سيعملون مع المنظمات اليهودية والإسلامية لمكافحة الكراهية لفرض الرقابة على الإنترنت. (في إشارة إلى Tell Mama و CST و Stop Hate UK)","Sadly people need censoring, to stop them spreading hate,.",other,V1
51,"منذ متى أصبح استخدام فتحة الشرج كعضو جنسي 'إنجازًا عظيمًا'؟ هذه هي المثلية المفروضة من الدولة! ربما يجب أن نغير شعارنا إلى 'نثق في الربا واللواط' (ردًا على إلغاء بوتسوانا تجريم المثلية)","Respect for people who are different from us and not harming anyone with their private activities is a monumental achievement in any country with a history of oppression.",LGBT+,V1
52,"لقد انتصر النسويون. مع رفض العديد من النساء الإنجاب، سيتم استبدالنا وسنفقد حضارتنا.","Replaced by what exactly? I think our population will be fine.",WOMEN,V1
53,"'الهولوكوست' هي عمل تجاري. لقد استُخدمت وما زالت تُستخدم لابتزاز ملايين الدولارات من الدول الأوروبية كتعويضات ولخلق جدار من الحصانة وراءه يمكن لليهود العمل بحرية دون انتقاد.","Reparation is a historical process and has happened in many contexts. After WW1 when Europe wanted massive reperations from Germany for example? It's a normal and established process, and when so many people have lost their lives it makes perfect sense.",JEWS,V1
54,"'الهولوكوست' هي عمل تجاري. لقد استُخدمت وما زالت تُستخدم لابتزاز ملايين الدولارات من الدول الأوروبية كتعويضات ولخلق جدار من الحصانة وراءه يمكن لليهود العمل بحرية دون انتقاد.","reparations for an attempt at ethnic cleansing on a huge scale seems reasonable to me...",JEWS,V1
55,"‘العصير (اليهود) أسوأ من القنابل النووية.’ تعليق على ميم يظهر هيروشيما عام 1945 والوقت الحاضر، مقارنة بصور ديترويت عام 1945 والوقت الحاضر.","Really? I'd sit with a group of Jews any day.",JEWS,V1
56,"التقطت هذه الصورة في وانستيد، شرق لندن. منطقة بها منازل تزيد قيمتها عن مليون جنيه إسترليني. المتسولون في الشارع الرئيسي وشخص ينام على مقعد. لا نستطيع إيواء شعبنا ولكن نجلب ملايين آخرين. الإشارة إلى أن التشرد بسبب الهجرة غير المنضبطة يجعلك توصف بـ 'العنصري'. (تعليق على صورة شخص مشرد ينام على مقعد)","perhaps the problem isnt immigration, but rather the lack of affordable housing. like you said, this is an area of houses over £1m!",MIGRANTS,V1
57,"يضحكني بحق الجحيم، لماذا لا ينبغي أن يكون البيض متفوقين في بلد أغلبه من البيض؟ لماذا لا يشتكي أحد من تفوق السود في دول السود مثل الصومال؟ أو تفوق المكسيكيين؟ أو الهنود؟ فقط نحن من يتحمل هذا الهراء.","Perhaps the nations that you cite are more accepting of other nationalities.",other,V1
58,"الأقليات تصوت لتجريد البيض من الثروة والسلطة ويتم تنظيمهم للقيام بذلك من قبل اليهود.","People who vote for parties which target the most powerful are often mostly concerned about making it financially until the next month. Redistributing wealth from people who have way too much money seems fair, not threatening.",JEWS,V1
59,"لقد تحملت فخر المثليين. تحملت المثليين على التلفزيون وفي كل ساحة مدينة. لكني أرسم الخط عند شياطين المتحولين وهم يقرؤون الكتب للأطفال. (عن وقت قصة ملكة الدراغ)","People reading stories to children, teaching them about the world?",LGBT+,V1
60,"المتطرفون الصهاينة يتآمرون في القدس. أهدافهم هي إحداث الفوضى والدمار والقتل وخلق المزيد من اللاجئين وتدمير أوروبا.","Or maybe they want their culture to survive.",JEWS,V1
61,"لقد تحملت فخر المثليين. تحملت المثليين على التلفزيون وفي كل ساحة مدينة. لكني أرسم الخط عند شياطين المتحولين وهم يقرؤون الكتب للأطفال. (عن وقت قصة ملكة الدراغ)","Not sure how reading a book is a problem, sounds pretty nice for the kids.",LGBT+,V1
62,"‘العصير (اليهود) أسوأ من القنابل النووية.’ تعليق على ميم يظهر هيروشيما عام 1945 والوقت الحاضر، مقارنة بصور ديترويت عام 1945 والوقت الحاضر.","Not quite sure I agree, I have never felt threatened by a Jewish person, whereas I'm pretty scared of nuclear war.",JEWS,V1
63,"منذ متى أصبح استخدام فتحة الشرج كعضو جنسي 'إنجازًا عظيمًا'؟ هذه هي المثلية المفروضة من الدولة! ربما يجب أن نغير شعارنا إلى 'نثق في الربا واللواط' (ردًا على إلغاء بوتسوانا تجريم المثلية)","No-one is forcing anyone into practices they don't want to take part in here.",LGBT+,V1
64,"اليهود حول العالم لم يريدوا خروج بريطانيا من الاتحاد الأوروبي وهم يفعلون كل ما في وسعهم لإفشاله.","My whole family voted against Brexit, and we are not Jewish.",JEWS,V1
65,"لا يمكن لليهود أن يكونوا وطنيين، لأن ولاءهم سيكون دائمًا لدولة إسرائيل.","My best friend is Jewish, she volunteers to help woman, disadvantages children, and her whole family work to make the UK a better place.",JEWS,V1
66,"الأمة الوحيدة التي لا يكرهها اليهود هي أمتهم وهم يغمرون أوروبا بالأفارقة والمسلمين.","My best friend is Jewish, she volunteers to help woman, and disadvantaged children, and her whole family work to make the UK a better place.",JEWS,V1
67,"الأقليات تصوت لتجريد البيض من الثروة والسلطة ويتم تنظيمهم للقيام بذلك من قبل اليهود.","Minority voices are notoriously ignored.",JEWS,V1
68,"ما الفرق بين البقرة والمحرقة؟ تتوقف عن حلب البقرة بعد 70 عامًا.","Milking it? Millions of people suffered during this tragedy,",JEWS,V1
69,"قفز عدد الأجانب الذين يحصلون على إعانات في المملكة المتحدة بنسبة 41٪ خلال خمس سنوات مع حصول أكثر من 400 ألف شخص الآن على مدفوعات. يجب أن يتوقف هذا الهراء.","Maybe the reason for such a rise in UK benefit claimants is due to unequal opportunities and lack of job opportunities , and this goes for everyone, not just 'foreigners'.",MIGRANTS,V1
70,"يضحكني بحق الجحيم، لماذا لا ينبغي أن يكون البيض متفوقين في بلد أغلبه من البيض؟ لماذا لا يشتكي أحد من تفوق السود في دول السود مثل الصومال؟ أو تفوق المكسيكيين؟ أو الهنود؟ فقط نحن من يتحمل هذا الهراء.","maybe the roots of white supremacy deriving from centuries of mass colonisation, slavery and domination over others, are the reason that white supremacy is such a problem.",other,V1
71,"نشرت الحكومة البريطانية مؤخرًا ورقة حول 'الأضرار عبر الإنترنت' – بمعنى آخر، سيعملون مع المنظمات اليهودية والإسلامية لمكافحة الكراهية لفرض الرقابة على الإنترنت. (في إشارة إلى Tell Mama و CST و Stop Hate UK)","My reading of the Online harms bill is that is seeks to ensure that people are able to conduct their lives online and exercise their right to free speech without suffering harm and abuse while they do so.",other,V1
72,"ربما يجب على الأمم المتحدة أن تتحدث مع تلك الدول الآسيوية والأفريقية المسؤولة عن أكثر من 90٪ من تلوث المحيطات بدلاً من الإصرار على هذا الهراء حول تغير المناخ.","It’s a simple line to believe that population growth in other places is the cause of climate change and ocean pollution – but really if you think about it, the poorest people aren’t the ones over-consuming resources and pumping out pollution into our oceans. It is right to be worried about our oceans, but we need to be talking about resource-consumption and wealth inequality! Question power at the top not the bottom.",other,V1
73,"لا يمكن لليهود أن يكونوا وطنيين، لأن ولاءهم سيكون دائمًا لدولة إسرائيل.","It is possible to love one's country and one's religious home. The two are not exclusive.",JEWS,V1
74,"قفز عدد الأجانب الذين يحصلون على إعانات في المملكة المتحدة بنسبة 41٪ خلال خمس سنوات مع حصول أكثر من 400 ألف شخص الآن على مدفوعات. يجب أن يتوقف هذا الهراء.","It is more than 'foreigners' who are asking for help, White British families are the most likely out of all ethnic groups to receive state support, with 57% doing so.",MIGRANTS,V1
75,"التقطت هذه الصورة في وانستيد، شرق لندن. منطقة بها منازل تزيد قيمتها عن مليون جنيه إسترليني. المتسولون في الشارع الرئيسي وشخص ينام على مقعد. لا نستطيع إيواء شعبنا ولكن نجلب ملايين آخرين. الإشارة إلى أن التشرد بسبب الهجرة غير المنضبطة يجعلك توصف بـ 'العنصري'. (تعليق على صورة شخص مشرد ينام على مقعد)","Is it due to immigration, or the lack of affordable housing, unemployment, poverty, mental illness and the lack of needed services, substance abuse and the lack of services? Do I need to go on?",MIGRANTS,V1
76,"لا يمكن لليهود أن يكونوا وطنيين، لأن ولاءهم سيكون دائمًا لدولة إسرائيل.","If you personally had some distant Spanish or Jewish heritage and you identified more as American surely that doesn't mean that you can't be an American patriot?",JEWS,V1
77,"قوتهم في حظر الأفلام ومعاقبة المخرجين دليل على أن اليهود يسيطرون على هوليوود.","If the Jewish community was controlling these kind of industries, they would surely make a high priority of Jewish concerns? But there's so many anti-Israel narratives in the American media. So this doesn't make sense.",JEWS,V1
78,"يضحكني بحق الجحيم، لماذا لا ينبغي أن يكون البيض متفوقين في بلد أغلبه من البيض؟ لماذا لا يشتكي أحد من تفوق السود في دول السود مثل الصومال؟ أو تفوق المكسيكيين؟ أو الهنود؟ فقط نحن من يتحمل هذا الهراء.","I'm not moaning about diversity in the UK when I get a doctor from abroad who is highly competent and allows me to get better - in an NHS which is understaffed and underfunded.",other,V1
79,"اليهود يحبون عزل مناطق لأنفسهم، بينما يملؤون أحياء البيض بالإسكان الاجتماعي من خلال قضاتهم.","I'd suggest a walk down West London where areas like St John's Wood are very affluent with mostly white people living there.",JEWS,V1
80,"الأمة الوحيدة التي لا يكرهها اليهود هي أمتهم وهم يغمرون أوروبا بالأفارقة والمسلمين.","I wonder how you account for refugees who are fleeing wars and a lack of security for their themselves and their families. Wars which are often directly or indirectly caused by Western powers who created long lasting problems abroad.",JEWS,V1
81,"يجب أن يكون الأمر صعبًا لكونك مثليًا. عليهم أن يفعلوا كل ما نفعله نحن وأيضًا يجدون وقتًا للتحرش بالأطفال.","Child molestors can have any sexual orientations and the majority of straight or gay people are not child molestors. This is an issue that can affect anyone regardless of sexual orientation.",LGBT+,V1
82,"اليهود حول العالم لم يريدوا خروج بريطانيا من الاتحاد الأوروبي وهم يفعلون كل ما في وسعهم لإفشاله.","I didn't want Brexit either and I'm not a Jew.",JEWS,V1
83,"لقد تحملت فخر المثليين. تحملت المثليين على التلفزيون وفي كل ساحة مدينة. لكني أرسم الخط عند شياطين المتحولين وهم يقرؤون الكتب للأطفال. (عن وقت قصة ملكة الدراغ)","I can't say I've ever come across 'fag pride'. Gay pride or LGBT+ pride, perhaps?",LGBT+,V1
84,"قفز عدد الأجانب الذين يحصلون على إعانات في المملكة المتحدة بنسبة 41٪ خلال خمس سنوات مع حصول أكثر من 400 ألف شخص الآن على مدفوعات. يجب أن يتوقف هذا الهراء.","I can understand that you’re frustrated – austerity has hit so many of us horribly, but your blame is directed to the wrong people. Migrants are statistically less likely to claim benefits, plus they’re not easy to access anyway. Most people receiving benefits in the UK are actually in work, direct your anger towards better pay and conditions!",MIGRANTS,V1
85,"الأمة الوحيدة التي لا يكرهها اليهود هي أمتهم وهم يغمرون أوروبا بالأفارقة والمسلمين.","Actually there are also some Jews that hate other jews: ""I belonged to Europe, to Germany, and I thanked my creator that I was German"" - Victor Klemperer speaking of his experience in WW1, explaining his dislike of Russian Jews... Do you feel better now that we proved that Jews hate everybody? #sarcasm",JEWS,V1
86,"التقطت هذه الصورة في وانستيد، شرق لندن. منطقة بها منازل تزيد قيمتها عن مليون جنيه إسترليني. المتسولون في الشارع الرئيسي وشخص ينام على مقعد. لا نستطيع إيواء شعبنا ولكن نجلب ملايين آخرين. الإشارة إلى أن التشرد بسبب الهجرة غير المنضبطة يجعلك توصف بـ 'العنصري'. (تعليق على صورة شخص مشرد ينام على مقعد)","How many people walked by and did nothing? Is the problem uncontrolled immigration or indifference of our society?",MIGRANTS,V1
87,"التقطت هذه الصورة في وانستيد، شرق لندن. منطقة بها منازل تزيد قيمتها عن مليون جنيه إسترليني. المتسولون في الشارع الرئيسي وشخص ينام على مقعد. لا نستطيع إيواء شعبنا ولكن نجلب ملايين آخرين. الإشارة إلى أن التشرد بسبب الهجرة غير المنضبطة يجعلك توصف بـ 'العنصري'. (تعليق على صورة شخص مشرد ينام على مقعد)","Homelessness is a very complex issue with no simple answers.",MIGRANTS,V1
88,"يضحكني بحق الجحيم، لماذا لا ينبغي أن يكون البيض متفوقين في بلد أغلبه من البيض؟ لماذا لا يشتكي أحد من تفوق السود في دول السود مثل الصومال؟ أو تفوق المكسيكيين؟ أو الهنود؟ فقط نحن من يتحمل هذا الهراء.","have you considered equality rather than supremacy? seems like a sensible option",other,V1
89,"هذا هو السبب في أن النساء لا ينتمين إلى السياسة، إذا اشتكى رجل مثلهن، فسوف يطلق عليه جبان ويطلب منه مغادرة الوظيفة. المساواة كذبة والنسوية حكم بالإعدام لأي حضارة.","Gender equality is the key to a productive household as well as economy overall. To restrict women from entering all spheres of society is to reduce the potential of any country.",WOMEN,V1
90,"لقد انتصر النسويون. مع رفض العديد من النساء الإنجاب، سيتم استبدالنا وسنفقد حضارتنا.","Feminism is about equal rights between men and women, and challenges socially imposed burdens upon both men and women.",WOMEN,V1
91,"ماذا لو كان جميع حكامنا من المتحرشين بالأطفال الذين يسيطر عليهم اليهود؟ هذا سيفسر الكثير.","Explain what exactly?",JEWS,V1
92,"ربما يجب على الأمم المتحدة أن تتحدث مع تلك الدول الآسيوية والأفريقية المسؤولة عن أكثر من 90٪ من تلوث المحيطات بدلاً من الإصرار على هذا الهراء حول تغير المناخ.","Everyone on the planet has a responsibility towards the climate.",other,V1
93,"ربما يجب على الأمم المتحدة أن تتحدث مع تلك الدول الآسيوية والأفريقية المسؤولة عن أكثر من 90٪ من تلوث المحيطات بدلاً من الإصرار على هذا الهراء حول تغير المناخ.","Everyone coming together to help climate change will inevitably make a change.",other,V1
94,"باكستان: 202 مليون نيجيريا: 193 مليون بنغلاديش: 165 مليون إثيوبيا: 107 مليون الكونغو: 84 مليون بريطانيا العظمى: 66 مليون 'الأقليات العرقية' لا تضحكني بحق الجحيم!","Ethnic minorities is a term used within a specific context, here for example, in the UK, people from these countries are minorities.",MIGRANTS,V1
95,"هذا هو السبب في أن النساء لا ينتمين إلى السياسة، إذا اشتكى رجل مثلهن، فسوف يطلق عليه جبان ويطلب منه مغادرة الوظيفة. المساواة كذبة والنسوية حكم بالإعدام لأي حضارة.","Equality means that a man would not be called a coward. Women have plenty to offer the world of politics and as much of a right to take part as anyone else.",WOMEN,V1
96,"اليهود قاموا بهجمات: يو إس إس ليبرتي، فندق الملك داود، نيويورك 9/11، لندن 7/7","Do you have any proof?",JEWS,V1
97,"اليهود قاموا بهجمات: يو إس إس ليبرتي، فندق الملك داود، نيويورك 9/11، لندن 7/7","Do you have any proof of this?",JEWS,V1
98,"النساء مثل الأطفال في الأساس، يظللن هكذا معظم حياتهن. ناعمة وعاطفية. لقد دمر ذلك حضاراتنا الأبوية العظيمة.","Compassion and empathy are valuable assets in any civilisation.",WOMEN,V1
99,"يجب أن يكون الأمر صعبًا لكونك مثليًا. عليهم أن يفعلوا كل ما نفعله نحن وأيضًا يجدون وقتًا للتحرش بالأطفال.","Child molesters are not all gay, just as men are not all rapists.",LGBT+,V1
100,لديهم القدرة على حظر الأفلام وفرض الرقابة على المخرجين، وهذا دليل على أن اليهود يسيطرون على هوليوود.,"Censure and banning protect the vulnerable from seeing harmful content. Not such a bad thing, whoever does it.",JEWS,V1
101,اليهودية العالمية لم تكن تريد البريكست وهم يفعلون كل ما في وسعهم لتخريبه.,"Brexit will be damaging for many of us, plenty of people oppose it.",JEWS,V1
102,اليهودية العالمية لم تكن تريد البريكست وهم يفعلون كل ما في وسعهم لتخريبه.,Brexit is a good thing then?,JEWS,V1
103,"النساء في الأساس كالطفلات، يظللن هكذا معظم حياتهن. ناعمة وعاطفية. لقد دمر ذلك حضاراتنا الأبوية العظيمة سابقًا.","Both men and women can possess characteristics like 'soft' and 'emotional',which are not determined by gender, nor are they a negative thing. Maybe we could all use a bit more compassion and 'emotion' in today's world?",WOMEN,V1
104,عدد الأجانب الذين يحصلون على إعانات في المملكة المتحدة ارتفع بنسبة 41% خلال 5 سنوات والآن أكثر من 400 ألف يحصلون عليها. يجب أن يتوقف هذا الهراء.,"Benefits are a thing created to help everyone, every ethnicity can claim them in order to live off it isn't a thing specifically for 'foreigners'",MIGRANTS,V1
105,"التقطت هذه الصورة في وانستيد، شرق لندن. منطقة منازلها تتجاوز قيمتها المليون جنيه. متسولون في الشارع الرئيسي وشخص ينام على مقعد. لا نستطيع إيواء شعبنا ونستقبل ملايين آخرين. الإشارة إلى أن التشرد سببه الهجرة غير المنضبطة تُعتبر عنصرية.","Asylum seekers and refugees deserve our compassion, not condemnation.",MIGRANTS,V1
106,ما الفرق بين البقرة والمحرقة؟ تتوقف عن حلب البقرة بعد 70 سنة.,Are you aware of all the genocides that have happened since the Holocaust?.,JEWS,V1
107,"يضحكني هذا اللعين، لماذا لا يكون البيض متفوقين في دولة معظمها بيض؟ لماذا لا يشتكي أحد من تفوق السود في دول السود مثل الصومال؟ أو تفوق المكسيكيين؟ أو الهنود؟ فقط نحن من نتحمل هذا الهراء.","any belief of a certain race or ethnicity being superior to another is problematic, not just white supremacy.",other,V1
108,"نشرت الحكومة البريطانية مؤخرًا ورقة حول 'الأضرار عبر الإنترنت' – بمعنى آخر، سيعملون مع منظمات يهودية ومسلمة لمكافحة الكراهية لفرض الرقابة على الإنترنت. (في إشارة إلى Tell Mama وCST وStop Hate UK)","Anti-hate organisations are doing brilliant work, and getting rid of hate speech isn't a bad thing.",other,V1
109,ما الفرق بين البقرة والمحرقة؟ تتوقف عن حلب البقرة بعد 70 سنة.,"And yet genocides have happened across the world since. Perhaps, the Holocaust would be forgotten if it's lessons had been learned but they haven't.",JEWS,V1
110,اليهود هم سبب اضطرار أمريكا لقبول أي قمامة تطرق بابها. يريدون لهذا البلد أن يصبح خليطًا غبيًا ليسهل حكمه بموافقة عبيدهم الجدد الصامتة.,"2018 saw America take in the fewest refugees in the last 40 years.",JEWS,V1
111,"لهذا السبب لا مكان للنساء في السياسة، لو اشتكى رجل مثلهن لوصفوه بالجبان وقالوا له اترك المنصب. المساواة كذبة والنسوية حكم بالإعدام على أي حضارة.","If we analyse the current political state of Britain at the moment it doesn't prove much about a man's ability to run the country smoothly. Politics is hard for all genders.",WOMEN,V1
112,ربما يمكن للأمم المتحدة التحدث مع الدول الآسيوية والأفريقية المسؤولة عن أكثر من 90% من تلوث المحيطات بدلاً من الإصرار على هراء تغير المناخ.,"The fact that ocean pollution is a huge environmental problems, does not rule out that climate change is a global problem too, and everyone should help to combat it.",other,V1
113,"اليهود أسوأ من القنابل النووية. تعليق على صورة تُظهر هيروشيما 1945 والآن مقابل صور ديترويت 1945 والآن.",So you are saying that you'd rather be nuked than live with them?,JEWS,V1
114,عدد الأجانب الذين يحصلون على إعانات في المملكة المتحدة ارتفع بنسبة 41% خلال 5 سنوات والآن أكثر من 400 ألف يحصلون عليها. يجب أن يتوقف هذا الهراء.,Are you worried about government expenditure? Because it has been shown that migration reduces pressure on government debt over time: migrants are more likely to be workers that contribute to our economy with taxes.,MIGRANTS,V1
115,"لا يمكن لليهود أن يكونوا وطنيين، ولاؤهم دائمًا لدولة إسرائيل.","You can have parents from all over the world, and still be a patriot for our country.",JEWS,V1
116,"إسرائيل والصهيونية وسيطرة اليهود المتفوقين على أمريكا هي الأسباب الرئيسية للإرهاب وعدم الاستقرار والصراع في العالم. كل النظريات الأخرى انحراف عن هذه الحقيقة المطلقة.","Alternatively, I think that the main causes of radicalisation and extremism are colonialism and the many Western military interventions abroad.",JEWS,V1
117,"النساء في الأساس كالطفلات، يظللن هكذا معظم حياتهن. ناعمة وعاطفية. لقد دمر ذلك حضاراتنا الأبوية العظيمة سابقًا.","Would you say the same thing to your mother, or to the nurses who treat you in hospital, or the teacher who taught you in school?",WOMEN,V1
118,عدد الأجانب الذين يحصلون على إعانات في المملكة المتحدة ارتفع بنسبة 41% خلال 5 سنوات والآن أكثر من 400 ألف يحصلون عليها. يجب أن يتوقف هذا الهراء.,"Do you know how much money ""foreigners"" are giving the UK in taxes? If you knew that then you would see how much we have to thank them for. Maybe it would be better to focus on stopping tax evasion.",MIGRANTS,V1
119,"من أنت بحق الجحيم؟ سئمنا من كارهات الرجال اللواتي يحاولن تقويض الرجال البيض الأقوياء، وهن فقط غيورات وعاجزات وعديمات الفائدة.",So useless that it also takes a women to generate a man... right?,WOMEN,V1
120,"النساء في الأساس كالطفلات، يظللن هكذا معظم حياتهن. ناعمة وعاطفية. لقد دمر ذلك حضاراتنا الأبوية العظيمة سابقًا.",Are brutality and cruelty are much better than softeness and emotions then? If we keep on reasoning like this we will perpetuate socially constructed gender norms which oppress both men and women.,WOMEN,V1
121,"يضحكني هذا اللعين، لماذا لا يكون البيض متفوقين في دولة معظمها بيض؟ لماذا لا يشتكي أحد من تفوق السود في دول السود مثل الصومال؟ أو تفوق المكسيكيين؟ أو الهنود؟ فقط نحن من نتحمل هذا الهراء.",Do we really need supremacy? Can't we all live peacefully since we are all created equal in the eyes of God?,other,V1
122,"بدأ انهيارنا حين سمحنا للنساء بالتصويت/التدخل في حضارات بنيناها وأبقيناها لآلاف السنين. طاقة ونمط تفكير مختلف تمامًا. هن ضعيفات وجعلن مجتمعنا ينخفض إلى مستواهن العاطفي الناعم.","Why is being 'soft' a problem? Everyone is entitled to their emotions and feelings, without being trapped into a gender stereotype.",WOMEN,V1
123,"المتطرفون الصهاينة يتآمرون في القدس. أهدافهم خلق الفوضى والدمار والقتل، إنتاج المزيد من اللاجئين وتدمير أوروبا.",Why should they? I wonder if you have any evidence that makes you believe this.,JEWS,V1
124,"اليهودي الأمريكي، تمامًا مثل المسلم، غريب، ولاؤه لقبيلته الأصلية، يتظاهر بأنه عضو في المجتمع ليخرب الأعراف الثقافية والسياسية والاجتماعية. لسنا مضطرين للاختيار، من الجيد كرههم معًا.","We can also choose NOT to hate, and start to build bridges to better understand each other.",other,V1
125,"وزير التعليم البريطاني: 'جميع الأطفال من سن 4 سنوات سيتلقون دروسًا إجبارية عن العلاقات المثلية.' – هذه ليست تعليمًا، بل تشويشًا وغسيل دماغ للأطفال لمنعهم من تطوير شخصياتهم.",We are always evolving as a society as time goes. Same sex relationships are a part of our world now. Why should we hide different ways of life from our children?,LGBT+,V1
126,"منذ متى أصبح إساءة استخدام الشرج كعضو جنسي إنجازًا عظيمًا؟ هذه هي المثلية المفروضة من الدولة! ربما يجب أن نغير شعارنا إلى 'نثق في الربا واللواط' (ردًا على إلغاء بوتسوانا تجريم المثلية).",To recognise and accept others isn't state enforcement. It's just stating that we should stop the persecusion of people who have different private lifes.,LGBT+,V1
127,"لهذا السبب لا مكان للنساء في السياسة، لو اشتكى رجل مثلهن لوصفوه بالجبان وقالوا له اترك المنصب. المساواة كذبة والنسوية حكم بالإعدام على أي حضارة.","Our goal as a democratic society is to have a more positive and respectful political environment, where inclusivity and representation of all types of people is enforced. Therefore women do belong in politics.",WOMEN,V1
128,باكستان: 202 مليون نيجيريا: 193 مليون بنغلاديش: 165 مليون إثيوبيا: 107 مليون الكونغو: 84 مليون بريطانيا: 66 مليون 'الأقليات العرقية' لا تضحكني بحق الجحيم.,"Sorry, but you should consider the percentage of the population within Great Britain... This makes them a minority, not the actual number in their respective countries.",MIGRANTS,V1
129,باكستان: 202 مليون نيجيريا: 193 مليون بنغلاديش: 165 مليون إثيوبيا: 107 مليون الكونغو: 84 مليون بريطانيا: 66 مليون 'الأقليات العرقية' لا تضحكني بحق الجحيم.,Does not matter if their are a minority or not. Everyone deserves respect and protection and human rights. This is what makes us a democratic country.,MIGRANTS,V1
130,"التقطت هذه الصورة في وانستيد، شرق لندن. منطقة منازلها تتجاوز قيمتها المليون جنيه. متسولون في الشارع الرئيسي وشخص ينام على مقعد. لا نستطيع إيواء شعبنا ونستقبل ملايين آخرين. الإشارة إلى أن التشرد سببه الهجرة غير المنضبطة تُعتبر عنصرية.","There are so many empty homes in our country that we could house every single homeless person, without the need to build a single apartment. It is the government that chooses not to. Homelessness is about wealth inequality not migration. If you genuinely care about poverty you need to question power structures and wealth distribution.",MIGRANTS,V1
131,لديهم القدرة على حظر الأفلام وفرض الرقابة على المخرجين، وهذا دليل على أن اليهود يسيطرون على هوليوود.,"The ultra rich people in this industry have the power to censure and influence, regardless of their religion.",JEWS,V1
132,ربما يمكن للأمم المتحدة التحدث مع الدول الآسيوية والأفريقية المسؤولة عن أكثر من 90% من تلوث المحيطات بدلاً من الإصرار على هراء تغير المناخ.,"We are all to blame here. What we really need is to work hand in hand to create sustainable change, rather than pointing fingers at others.",other,V1
133,لديهم القدرة على حظر الأفلام وفرض الرقابة على المخرجين، وهذا دليل على أن اليهود يسيطرون على هوليوود.,"Not sure how Jewish people could ""control"" Hollywood being a minority.",JEWS,V1
134,لقد انتصرت النسويات. مع وجود العديد من النساء غير الراغبات في الإنجاب سنُستبدل ونفقد حضارتنا.,"Feminism is first and foremost a battle for the equal rights of ALL sexes, so a fight for this has nothing to do with procreation and civilisation.",WOMEN,V1
135,"النساء في الأساس كالطفلات، يظللن هكذا معظم حياتهن. ناعمة وعاطفية. لقد دمر ذلك حضاراتنا الأبوية العظيمة سابقًا.","Patriarchy is a curse: since they are young, men are told to be tough and strong, to bear all the burdens while being emotionless. This has led to higher levels of suicide amongst men. I don't see this as an indicator of a ""great civilization"".",WOMEN,V1
136,النازيون كانوا سيئين جدًا في قتل اليهود... في كل مكان ترى ناجين من المحرقة.,"If you think that the murder of around 6 million Jews was a failure you have serious problems. It is still 6 million more than should ever have happened.",JEWS,V1
137,"'المحرقة' هي تجارة. استُخدمت ولا تزال تُستخدم لابتزاز ملايين التعويضات من الدول الأوروبية وخلق جدار حصانة يعمل خلفه اليهود دون نقد.","The Jews suffered horribly during WWII, as did many other groups. Reparation is just a simple way to enable survivors to rebuild their lives. It is also a small step toward regaining our humanity.",JEWS,V1
138,النازيون كانوا سيئين جدًا في قتل اليهود... في كل مكان ترى ناجين من المحرقة.,"The holocaust was hugely tragic, and we are blessed to have survivors to teach us what pure evil is. So not to make the same mistakes over and over again.",JEWS,V1
139,"وزير التعليم البريطاني: 'جميع الأطفال من سن 4 سنوات سيتلقون دروسًا إجبارية عن العلاقات المثلية.' – هذه ليست تعليمًا، بل تشويشًا وغسيل دماغ للأطفال لمنعهم من تطوير شخصياتهم.","If this 'indoctrination' is about teaching children that there many ways to be happy, and that their feelings count, then this is something I totally agree with.",LGBT+,V1
140,"النساء في الأساس كالطفلات، يظللن هكذا معظم حياتهن. ناعمة وعاطفية. لقد دمر ذلك حضاراتنا الأبوية العظيمة سابقًا.","Then you probably have never heard of Rosa Parks, Emmeline Pankhurst or Florence Nightingale, all women with a very strong personalities.",WOMEN,V1
141,"النساء في الأساس كالطفلات، يظللن هكذا معظم حياتهن. ناعمة وعاطفية. لقد دمر ذلك حضاراتنا الأبوية العظيمة سابقًا.",This reasoning is the equivalent of the stigma around men showing emotions and as equally unhelpful.,WOMEN,V1
142,"وزير التعليم البريطاني: 'جميع الأطفال من سن 4 سنوات سيتلقون دروسًا إجبارية عن العلاقات المثلية.' – هذه ليست تعليمًا، بل تشويشًا وغسيل دماغ للأطفال لمنعهم من تطوير شخصياتهم.","If the point of education is to learn about the world and inform people about things that happen in nature, then same sex relationship is one of these things to be informed about, since it happens within many species of animals...",LGBT+,V1
143,"منذ متى أصبح إساءة استخدام الشرج كعضو جنسي إنجازًا عظيمًا؟ هذه هي المثلية المفروضة من الدولة! ربما يجب أن نغير شعارنا إلى 'نثق في الربا واللواط' (ردًا على إلغاء بوتسوانا تجريم المثلية).",Respecting people with different habits that do not harm anyone is a monumental achievement indeed!,LGBT+,V1
144,"'المحرقة' هي تجارة. استُخدمت ولا تزال تُستخدم لابتزاز ملايين التعويضات من الدول الأوروبية وخلق جدار حصانة يعمل خلفه اليهود دون نقد.",Reparation is a normal and established historical process that has happened many times. When many people have lost their lives it makes perfect sense.,JEWS,V1
145,"'المحرقة' هي تجارة. استُخدمت ولا تزال تُستخدم لابتزاز ملايين التعويضات من الدول الأوروبية وخلق جدار حصانة يعمل خلفه اليهود دون نقد.","Considering all the criticisms of the state of Israel (however right or wrong, does not matter) I don't see how you can say that Jews are operating ""with impunity, free from criticism.""",JEWS,V1
146,"'المحرقة' هي تجارة. استُخدمت ولا تزال تُستخدم لابتزاز ملايين التعويضات من الدول الأوروبية وخلق جدار حصانة يعمل خلفه اليهود دون نقد.",Are you implying that reparitions for an attempt at ethnic cleansing on a huge scale is an unreasonable request?,JEWS,V1
147,"التقطت هذه الصورة في وانستيد، شرق لندن. منطقة منازلها تتجاوز قيمتها المليون جنيه. متسولون في الشارع الرئيسي وشخص ينام على مقعد. لا نستطيع إيواء شعبنا ونستقبل ملايين آخرين. الإشارة إلى أن التشرد سببه الهجرة غير المنضبطة تُعتبر عنصرية.","Considering that this is an area of houses over £1m, perhaps the problem is the lack of affordable housing, not immigration.",MIGRANTS,V1
148,تصوت الأقليات لتجريد البيض من ثرواتهم وسلطتهم وهم منظمون لفعل ذلك من قبل اليهود.,"If redistributing wealth from people who have too much money to the poor is promoted by Jews, then I want to become a Jew too!",JEWS,V1
149,لقد تحملت مسيرات الفخر للمثليين. تحملت المثليين على التلفاز وفي كل ساحة مدينة. لكني أضع حدًا عند شياطين المتحولين يقرؤون كتبًا للأطفال. (عن وقت قصة ملكة السحب),"People reading stories to children, is this what makes you upset? Really?",LGBT+,V1

